ch_marksman_ak47,WEAPON_AK47,CHALLENGE_GET_N_KILLS,CHALLENGE_MARKSMAN,,,10,250,25,1000,75,2000,150,5000,300,10000,500,10000,750,10000,1000,10000,,
ch_expert_ak47,WEAPON_AK47,CHALLENGE_GET_N_HEADSHOTS,CHALLENGE_EXPERT,,,5,500,15,1000,30,2500,75,5000,150,10000,250,10000,350,10000,500,10000,,
ch_ak47_gl,WEAPON_AK47,CHALLENGE_GET_N_KILLS_GL,CHALLENGE_ATTACHMENT_GL,,,20,750,,,,,,,,,,,,,,,,
ch_ak47_reflex,WEAPON_AK47,CHALLENGE_GET_N_KILLS_REFLEX,CHALLENGE_ATTACHMENT_REFLEX,,,60,1000,,,,,,,,,,,,,,,,
ch_ak47_silencer,WEAPON_AK47,CHALLENGE_GET_N_KILLS_SILENCER,CHALLENGE_ATTACHMENT_SILENCER,,,15,750,,,,,,,,,,,,,,,,
ch_ak47_acog,WEAPON_AK47,CHALLENGE_GET_N_KILLS_ACOG,CHALLENGE_ATTACHMENT_ACOG,,,20,750,,,,,,,,,,,,,,,,
ch_ak47_fmj,WEAPON_AK47,CHALLENGE_GET_N_KILLS_FMJ,CHALLENGE_ATTACHMENT_FMJ,,,40,1000,,,,,,,,,,,,,,,,
ch_ak47_mastery,CHALLENGE_AK47_MASTERY,CHALLENGE_GET_ALL_ATTACHMENTS,CHALLENGE_BLANK,,,10,10000,,,,,,,,,,,,,,,,
ch_marksman_fal,WEAPON_FAL,CHALLENGE_GET_N_KILLS,CHALLENGE_MARKSMAN,,,10,250,25,1000,75,2000,150,5000,300,10000,500,10000,750,10000,1000,10000,,
ch_expert_fal,WEAPON_FAL,CHALLENGE_GET_N_HEADSHOTS,CHALLENGE_EXPERT,,,5,500,15,1000,30,2500,75,5000,150,10000,250,10000,350,10000,500,10000,,
ch_fal_gl,WEAPON_FAL,CHALLENGE_GET_N_KILLS_GL,CHALLENGE_ATTACHMENT_GL,,,20,750,,,,,,,,,,,,,,,,
ch_fal_reflex,WEAPON_FAL,CHALLENGE_GET_N_KILLS_REFLEX,CHALLENGE_ATTACHMENT_REFLEX,,,60,1000,,,,,,,,,,,,,,,,
ch_fal_silencer,WEAPON_FAL,CHALLENGE_GET_N_KILLS_SILENCER,CHALLENGE_ATTACHMENT_SILENCER,,,15,750,,,,,,,,,,,,,,,,
ch_fal_acog,WEAPON_FAL,CHALLENGE_GET_N_KILLS_ACOG,CHALLENGE_ATTACHMENT_ACOG,,,20,750,,,,,,,,,,,,,,,,
ch_fal_fmj,WEAPON_FAL,CHALLENGE_GET_N_KILLS_FMJ,CHALLENGE_ATTACHMENT_FMJ,,,40,1000,,,,,,,,,,,,,,,,
ch_fal_mastery,CHALLENGE_FAL_MASTERY,CHALLENGE_GET_ALL_ATTACHMENTS,CHALLENGE_BLANK,,,10,10000,,,,,,,,,,,,,,,,
ch_marksman_famas,WEAPON_FAMAS,CHALLENGE_GET_N_KILLS,CHALLENGE_MARKSMAN,,,10,250,25,1000,75,2000,150,5000,300,10000,500,10000,750,10000,1000,10000,,
ch_expert_famas,WEAPON_FAMAS,CHALLENGE_GET_N_HEADSHOTS,CHALLENGE_EXPERT,,,5,500,15,1000,30,2500,75,5000,150,10000,250,10000,350,10000,500,10000,,
ch_famas_gl,WEAPON_FAMAS,CHALLENGE_GET_N_KILLS_GL,CHALLENGE_ATTACHMENT_GL,,,20,750,,,,,,,,,,,,,,,,
ch_famas_reflex,WEAPON_FAMAS,CHALLENGE_GET_N_KILLS_REFLEX,CHALLENGE_ATTACHMENT_REFLEX,,,60,1000,,,,,,,,,,,,,,,,
ch_famas_silencer,WEAPON_FAMAS,CHALLENGE_GET_N_KILLS_SILENCER,CHALLENGE_ATTACHMENT_SILENCER,,,15,750,,,,,,,,,,,,,,,,
ch_famas_acog,WEAPON_FAMAS,CHALLENGE_GET_N_KILLS_ACOG,CHALLENGE_ATTACHMENT_ACOG,,,20,750,,,,,,,,,,,,,,,,
ch_famas_fmj,WEAPON_FAMAS,CHALLENGE_GET_N_KILLS_FMJ,CHALLENGE_ATTACHMENT_FMJ,,,40,1000,,,,,,,,,,,,,,,,
ch_famas_mastery,CHALLENGE_FAMAS_MASTERY,CHALLENGE_GET_ALL_ATTACHMENTS,CHALLENGE_BLANK,,,10,10000,,,,,,,,,,,,,,,,
ch_marksman_fn2000,WEAPON_FN2000,CHALLENGE_GET_N_KILLS,CHALLENGE_MARKSMAN,,,10,250,25,1000,75,2000,150,5000,300,10000,500,10000,750,10000,1000,10000,,
ch_expert_fn2000,WEAPON_FN2000,CHALLENGE_GET_N_HEADSHOTS,CHALLENGE_EXPERT,,,5,500,15,1000,30,2500,75,5000,150,10000,250,10000,350,10000,500,10000,,
ch_fn2000_gl,WEAPON_FN2000,CHALLENGE_GET_N_KILLS_GL,CHALLENGE_ATTACHMENT_GL,,,20,750,,,,,,,,,,,,,,,,
ch_fn2000_reflex,WEAPON_FN2000,CHALLENGE_GET_N_KILLS_REFLEX,CHALLENGE_ATTACHMENT_REFLEX,,,60,1000,,,,,,,,,,,,,,,,
ch_fn2000_silencer,WEAPON_FN2000,CHALLENGE_GET_N_KILLS_SILENCER,CHALLENGE_ATTACHMENT_SILENCER,,,15,750,,,,,,,,,,,,,,,,
ch_fn2000_acog,WEAPON_FN2000,CHALLENGE_GET_N_KILLS_ACOG,CHALLENGE_ATTACHMENT_ACOG,,,20,750,,,,,,,,,,,,,,,,
ch_fn2000_fmj,WEAPON_FN2000,CHALLENGE_GET_N_KILLS_FMJ,CHALLENGE_ATTACHMENT_FMJ,,,40,1000,,,,,,,,,,,,,,,,
ch_fn2000_mastery,CHALLENGE_FN2000_MASTERY,CHALLENGE_GET_ALL_ATTACHMENTS,CHALLENGE_BLANK,,,10,10000,,,,,,,,,,,,,,,,
ch_marksman_m4,WEAPON_M4,CHALLENGE_GET_N_KILLS,CHALLENGE_MARKSMAN,,,10,250,25,1000,75,2000,150,5000,300,10000,500,10000,750,10000,1000,10000,,
ch_expert_m4,WEAPON_M4,CHALLENGE_GET_N_HEADSHOTS,CHALLENGE_EXPERT,,,5,500,15,1000,30,2500,75,5000,150,10000,250,10000,350,10000,500,10000,,
ch_m4_gl,WEAPON_M4,CHALLENGE_GET_N_KILLS_GL,CHALLENGE_ATTACHMENT_GL,,,20,750,,,,,,,,,,,,,,,,
ch_m4_reflex,WEAPON_M4,CHALLENGE_GET_N_KILLS_REFLEX,CHALLENGE_ATTACHMENT_REFLEX,,,60,1000,,,,,,,,,,,,,,,,
ch_m4_silencer,WEAPON_M4,CHALLENGE_GET_N_KILLS_SILENCER,CHALLENGE_ATTACHMENT_SILENCER,,,15,750,,,,,,,,,,,,,,,,
ch_m4_acog,WEAPON_M4,CHALLENGE_GET_N_KILLS_ACOG,CHALLENGE_ATTACHMENT_ACOG,,,20,750,,,,,,,,,,,,,,,,
ch_m4_fmj,WEAPON_M4,CHALLENGE_GET_N_KILLS_FMJ,CHALLENGE_ATTACHMENT_FMJ,,,40,1000,,,,,,,,,,,,,,,,
ch_m4_mastery,CHALLENGE_M4_MASTERY,CHALLENGE_GET_ALL_ATTACHMENTS,CHALLENGE_BLANK,,,10,10000,,,,,,,,,,,,,,,,
ch_marksman_m16,WEAPON_M16,CHALLENGE_GET_N_KILLS,CHALLENGE_MARKSMAN,,,10,250,25,1000,75,2000,150,5000,300,10000,500,10000,750,10000,1000,10000,,
ch_expert_m16,WEAPON_M16,CHALLENGE_GET_N_HEADSHOTS,CHALLENGE_EXPERT,,,5,500,15,1000,30,2500,75,5000,150,10000,250,10000,350,10000,500,10000,,
ch_m16_gl,WEAPON_M16,CHALLENGE_GET_N_KILLS_GL,CHALLENGE_ATTACHMENT_GL,,,20,750,,,,,,,,,,,,,,,,
ch_m16_reflex,WEAPON_M16,CHALLENGE_GET_N_KILLS_REFLEX,CHALLENGE_ATTACHMENT_REFLEX,,,60,1000,,,,,,,,,,,,,,,,
ch_m16_silencer,WEAPON_M16,CHALLENGE_GET_N_KILLS_SILENCER,CHALLENGE_ATTACHMENT_SILENCER,,,15,750,,,,,,,,,,,,,,,,
ch_m16_acog,WEAPON_M16,CHALLENGE_GET_N_KILLS_ACOG,CHALLENGE_ATTACHMENT_ACOG,,,20,750,,,,,,,,,,,,,,,,
ch_m16_fmj,WEAPON_M16,CHALLENGE_GET_N_KILLS_FMJ,CHALLENGE_ATTACHMENT_FMJ,,,40,1000,,,,,,,,,,,,,,,,
ch_m16_mastery,CHALLENGE_M16_MASTERY,CHALLENGE_GET_ALL_ATTACHMENTS,CHALLENGE_BLANK,,,10,10000,,,,,,,,,,,,,,,,
ch_marksman_masada,WEAPON_MASADA,CHALLENGE_GET_N_KILLS,CHALLENGE_MARKSMAN,,,10,250,25,1000,75,2000,150,5000,300,10000,500,10000,750,10000,1000,10000,,
ch_expert_masada,WEAPON_MASADA,CHALLENGE_GET_N_HEADSHOTS,CHALLENGE_EXPERT,,,5,500,15,1000,30,2500,75,5000,150,10000,250,10000,350,10000,500,10000,,
ch_masada_gl,WEAPON_MASADA,CHALLENGE_GET_N_KILLS_GL,CHALLENGE_ATTACHMENT_GL,,,20,750,,,,,,,,,,,,,,,,
ch_masada_reflex,WEAPON_MASADA,CHALLENGE_GET_N_KILLS_REFLEX,CHALLENGE_ATTACHMENT_REFLEX,,,60,1000,,,,,,,,,,,,,,,,
ch_masada_silencer,WEAPON_MASADA,CHALLENGE_GET_N_KILLS_SILENCER,CHALLENGE_ATTACHMENT_SILENCER,,,15,750,,,,,,,,,,,,,,,,
ch_masada_acog,WEAPON_MASADA,CHALLENGE_GET_N_KILLS_ACOG,CHALLENGE_ATTACHMENT_ACOG,,,20,750,,,,,,,,,,,,,,,,
ch_masada_fmj,WEAPON_MASADA,CHALLENGE_GET_N_KILLS_FMJ,CHALLENGE_ATTACHMENT_FMJ,,,40,1000,,,,,,,,,,,,,,,,
ch_masada_mastery,CHALLENGE_MASADA_MASTERY,CHALLENGE_GET_ALL_ATTACHMENTS,CHALLENGE_BLANK,,,10,10000,,,,,,,,,,,,,,,,
ch_marksman_scar,WEAPON_SCAR,CHALLENGE_GET_N_KILLS,CHALLENGE_MARKSMAN,,,10,250,25,1000,75,2000,150,5000,300,10000,500,10000,750,10000,1000,10000,,
ch_expert_scar,WEAPON_SCAR,CHALLENGE_GET_N_HEADSHOTS,CHALLENGE_EXPERT,,,5,500,15,1000,30,2500,75,5000,150,10000,250,10000,350,10000,500,10000,,
ch_scar_gl,WEAPON_SCAR,CHALLENGE_GET_N_KILLS_GL,CHALLENGE_ATTACHMENT_GL,,,20,750,,,,,,,,,,,,,,,,
ch_scar_reflex,WEAPON_SCAR,CHALLENGE_GET_N_KILLS_REFLEX,CHALLENGE_ATTACHMENT_REFLEX,,,60,1000,,,,,,,,,,,,,,,,
ch_scar_silencer,WEAPON_SCAR,CHALLENGE_GET_N_KILLS_SILENCER,CHALLENGE_ATTACHMENT_SILENCER,,,15,750,,,,,,,,,,,,,,,,
ch_scar_acog,WEAPON_SCAR,CHALLENGE_GET_N_KILLS_ACOG,CHALLENGE_ATTACHMENT_ACOG,,,20,750,,,,,,,,,,,,,,,,
ch_scar_fmj,WEAPON_SCAR,CHALLENGE_GET_N_KILLS_FMJ,CHALLENGE_ATTACHMENT_FMJ,,,40,1000,,,,,,,,,,,,,,,,
ch_scar_mastery,CHALLENGE_SCAR_MASTERY,CHALLENGE_GET_ALL_ATTACHMENTS,CHALLENGE_BLANK,,,10,10000,,,,,,,,,,,,,,,,
ch_marksman_tavor,WEAPON_TAVOR,CHALLENGE_GET_N_KILLS,CHALLENGE_MARKSMAN,,,10,250,25,1000,75,2000,150,5000,300,10000,500,10000,750,10000,1000,10000,,
ch_expert_tavor,WEAPON_TAVOR,CHALLENGE_GET_N_HEADSHOTS,CHALLENGE_EXPERT,,,5,500,15,1000,30,2500,75,5000,150,10000,250,10000,350,10000,500,10000,,
ch_tavor_gl,WEAPON_TAVOR,CHALLENGE_GET_N_KILLS_GL,CHALLENGE_ATTACHMENT_GL,,,20,750,,,,,,,,,,,,,,,,
ch_tavor_reflex,WEAPON_TAVOR,CHALLENGE_GET_N_KILLS_REFLEX,CHALLENGE_ATTACHMENT_REFLEX,,,60,1000,,,,,,,,,,,,,,,,
ch_tavor_silencer,WEAPON_TAVOR,CHALLENGE_GET_N_KILLS_SILENCER,CHALLENGE_ATTACHMENT_SILENCER,,,15,750,,,,,,,,,,,,,,,,
ch_tavor_acog,WEAPON_TAVOR,CHALLENGE_GET_N_KILLS_ACOG,CHALLENGE_ATTACHMENT_ACOG,,,20,750,,,,,,,,,,,,,,,,
ch_tavor_fmj,WEAPON_TAVOR,CHALLENGE_GET_N_KILLS_FMJ,CHALLENGE_ATTACHMENT_FMJ,,,40,1000,,,,,,,,,,,,,,,,
ch_tavor_mastery,CHALLENGE_TAVOR_MASTERY,CHALLENGE_GET_ALL_ATTACHMENTS,CHALLENGE_BLANK,,,10,10000,,,,,,,,,,,,,,,,
ch_marksman_mp5k,WEAPON_MP5K,CHALLENGE_GET_N_KILLS,CHALLENGE_MARKSMAN,,,10,500,25,1000,75,2000,150,5000,300,10000,500,10000,750,10000,1000,10000,,
ch_expert_mp5k,WEAPON_MP5K,CHALLENGE_GET_N_HEADSHOTS,CHALLENGE_EXPERT,,,5,500,15,1000,30,2500,75,5000,150,10000,250,10000,350,10000,500,10000,,
ch_mp5k_rof,WEAPON_MP5K,CHALLENGE_GET_N_KILLS_RAPIDFIRE,CHALLENGE_ATTACHMENT_RAPIDFIRE,,,30,1000,,,,,,,,,,,,,,,,
ch_mp5k_reflex,WEAPON_MP5K,CHALLENGE_GET_N_KILLS_REFLEX,CHALLENGE_ATTACHMENT_REFLEX,,,60,1000,,,,,,,,,,,,,,,,
ch_mp5k_acog,WEAPON_MP5K,CHALLENGE_GET_N_KILLS_ACOG,CHALLENGE_ATTACHMENT_ACOG,,,20,750,,,,,,,,,,,,,,,,
ch_mp5k_fmj,WEAPON_MP5K,CHALLENGE_GET_N_KILLS_FMJ,CHALLENGE_ATTACHMENT_FMJ,,,40,1000,,,,,,,,,,,,,,,,
ch_mp5k_mastery,CHALLENGE_MP5K_MASTERY,CHALLENGE_GET_ALL_ATTACHMENTS,CHALLENGE_BLANK,,,9,10000,,,,,,,,,,,,,,,,
ch_marksman_uzi,WEAPON_UZI,CHALLENGE_GET_N_KILLS,CHALLENGE_MARKSMAN,,,10,500,25,1000,75,2000,150,5000,300,10000,500,10000,750,10000,1000,10000,,
ch_expert_uzi,WEAPON_UZI,CHALLENGE_GET_N_HEADSHOTS,CHALLENGE_EXPERT,,,5,500,15,1000,30,2500,75,5000,150,10000,250,10000,350,10000,500,10000,,
ch_uzi_rof,WEAPON_UZI,CHALLENGE_GET_N_KILLS_RAPIDFIRE,CHALLENGE_ATTACHMENT_RAPIDFIRE,,,30,1000,,,,,,,,,,,,,,,,
ch_uzi_reflex,WEAPON_UZI,CHALLENGE_GET_N_KILLS_REFLEX,CHALLENGE_ATTACHMENT_REFLEX,,,60,1000,,,,,,,,,,,,,,,,
ch_uzi_acog,WEAPON_UZI,CHALLENGE_GET_N_KILLS_ACOG,CHALLENGE_ATTACHMENT_ACOG,,,20,750,,,,,,,,,,,,,,,,
ch_uzi_fmj,WEAPON_UZI,CHALLENGE_GET_N_KILLS_FMJ,CHALLENGE_ATTACHMENT_FMJ,,,40,1000,,,,,,,,,,,,,,,,
ch_uzi_mastery,CHALLENGE_UZI_MASTERY,CHALLENGE_GET_ALL_ATTACHMENTS,CHALLENGE_BLANK,,,9,10000,,,,,,,,,,,,,,,,
ch_marksman_kriss,WEAPON_KRISS,CHALLENGE_GET_N_KILLS,CHALLENGE_MARKSMAN,,,10,500,25,1000,75,2000,150,5000,300,10000,500,10000,750,10000,1000,10000,,
ch_expert_kriss,WEAPON_KRISS,CHALLENGE_GET_N_HEADSHOTS,CHALLENGE_EXPERT,,,5,500,15,1000,30,2500,75,5000,150,10000,250,10000,350,10000,500,10000,,
ch_kriss_rof,WEAPON_KRISS,CHALLENGE_GET_N_KILLS_RAPIDFIRE,CHALLENGE_ATTACHMENT_RAPIDFIRE,,,30,1000,,,,,,,,,,,,,,,,
ch_kriss_reflex,WEAPON_KRISS,CHALLENGE_GET_N_KILLS_REFLEX,CHALLENGE_ATTACHMENT_REFLEX,,,60,1000,,,,,,,,,,,,,,,,
ch_kriss_acog,WEAPON_KRISS,CHALLENGE_GET_N_KILLS_ACOG,CHALLENGE_ATTACHMENT_ACOG,,,20,750,,,,,,,,,,,,,,,,
ch_kriss_fmj,WEAPON_KRISS,CHALLENGE_GET_N_KILLS_FMJ,CHALLENGE_ATTACHMENT_FMJ,,,40,1000,,,,,,,,,,,,,,,,
ch_kriss_mastery,CHALLENGE_KRISS_MASTERY,CHALLENGE_GET_ALL_ATTACHMENTS,CHALLENGE_BLANK,,,9,10000,,,,,,,,,,,,,,,,
ch_marksman_ump45,WEAPON_UMP45,CHALLENGE_GET_N_KILLS,CHALLENGE_MARKSMAN,,,10,500,25,1000,75,2000,150,5000,300,10000,500,10000,750,10000,1000,10000,,
ch_expert_ump45,WEAPON_UMP45,CHALLENGE_GET_N_HEADSHOTS,CHALLENGE_EXPERT,,,5,500,15,1000,30,2500,75,5000,150,10000,250,10000,350,10000,500,10000,,
ch_ump45_rof,WEAPON_UMP45,CHALLENGE_GET_N_KILLS_RAPIDFIRE,CHALLENGE_ATTACHMENT_RAPIDFIRE,,,30,1000,,,,,,,,,,,,,,,,
ch_ump45_reflex,WEAPON_UMP45,CHALLENGE_GET_N_KILLS_REFLEX,CHALLENGE_ATTACHMENT_REFLEX,,,60,1000,,,,,,,,,,,,,,,,
ch_ump45_acog,WEAPON_UMP45,CHALLENGE_GET_N_KILLS_ACOG,CHALLENGE_ATTACHMENT_ACOG,,,20,750,,,,,,,,,,,,,,,,
ch_ump45_fmj,WEAPON_UMP45,CHALLENGE_GET_N_KILLS_FMJ,CHALLENGE_ATTACHMENT_FMJ,,,40,1000,,,,,,,,,,,,,,,,
ch_ump45_mastery,CHALLENGE_UMP45_MASTERY,CHALLENGE_GET_ALL_ATTACHMENTS,CHALLENGE_BLANK,,,9,10000,,,,,,,,,,,,,,,,
ch_marksman_p90,WEAPON_P90,CHALLENGE_GET_N_KILLS,CHALLENGE_MARKSMAN,,,10,500,25,1000,75,2000,150,5000,300,10000,500,10000,750,10000,1000,10000,,
ch_expert_p90,WEAPON_P90,CHALLENGE_GET_N_HEADSHOTS,CHALLENGE_EXPERT,,,5,500,15,1000,30,2500,75,5000,150,10000,250,10000,350,10000,500,10000,,
ch_p90_rof,WEAPON_P90,CHALLENGE_GET_N_KILLS_RAPIDFIRE,CHALLENGE_ATTACHMENT_RAPIDFIRE,,,30,1000,,,,,,,,,,,,,,,,
ch_p90_reflex,WEAPON_P90,CHALLENGE_GET_N_KILLS_REFLEX,CHALLENGE_ATTACHMENT_REFLEX,,,60,1000,,,,,,,,,,,,,,,,
ch_p90_acog,WEAPON_P90,CHALLENGE_GET_N_KILLS_ACOG,CHALLENGE_ATTACHMENT_ACOG,,,20,750,,,,,,,,,,,,,,,,
ch_p90_fmj,WEAPON_P90,CHALLENGE_GET_N_KILLS_FMJ,CHALLENGE_ATTACHMENT_FMJ,,,40,1000,,,,,,,,,,,,,,,,
ch_p90_mastery,CHALLENGE_P90_MASTERY,CHALLENGE_GET_ALL_ATTACHMENTS,CHALLENGE_BLANK,,,9,10000,,,,,,,,,,,,,,,,
ch_marksman_m240,WEAPON_M240,CHALLENGE_GET_N_KILLS,CHALLENGE_MARKSMAN,,,10,500,25,1000,75,2000,150,5000,300,10000,500,10000,750,10000,1000,10000,,
ch_expert_m240,WEAPON_M240,CHALLENGE_GET_N_HEADSHOTS,CHALLENGE_EXPERT,,,5,500,15,1000,30,2500,75,5000,150,10000,250,10000,350,10000,500,10000,,
ch_m240_silencer,WEAPON_M240,CHALLENGE_GET_N_KILLS_SILENCER,CHALLENGE_ATTACHMENT_SILENCER,,,15,750,,,,,,,,,,,,,,,,
ch_m240_reflex,WEAPON_M240,CHALLENGE_GET_N_KILLS_REFLEX,CHALLENGE_ATTACHMENT_REFLEX,,,60,1000,,,,,,,,,,,,,,,,
ch_m240_acog,WEAPON_M240,CHALLENGE_GET_N_KILLS_ACOG,CHALLENGE_ATTACHMENT_ACOG,,,20,750,,,,,,,,,,,,,,,,
ch_m240_fmj,WEAPON_M240,CHALLENGE_GET_N_KILLS_FMJ,CHALLENGE_ATTACHMENT_FMJ,,,40,1000,,,,,,,,,,,,,,,,
ch_m240_mastery,CHALLENGE_M240_MASTERY,CHALLENGE_GET_ALL_ATTACHMENTS,CHALLENGE_BLANK,,,9,10000,,,,,,,,,,,,,,,,
ch_marksman_aug,WEAPON_AUG,CHALLENGE_GET_N_KILLS,CHALLENGE_MARKSMAN,,,10,500,25,1000,75,2000,150,5000,300,10000,500,10000,750,10000,1000,10000,,
ch_expert_aug,WEAPON_AUG,CHALLENGE_GET_N_HEADSHOTS,CHALLENGE_EXPERT,,,5,500,15,1000,30,2500,75,5000,150,10000,250,10000,350,10000,500,10000,,
ch_aug_silencer,WEAPON_AUG,CHALLENGE_GET_N_KILLS_SILENCER,CHALLENGE_ATTACHMENT_SILENCER,,,15,750,,,,,,,,,,,,,,,,
ch_aug_reflex,WEAPON_AUG,CHALLENGE_GET_N_KILLS_REFLEX,CHALLENGE_ATTACHMENT_REFLEX,,,60,1000,,,,,,,,,,,,,,,,
ch_aug_acog,WEAPON_AUG,CHALLENGE_GET_N_KILLS_ACOG,CHALLENGE_ATTACHMENT_ACOG,,,20,750,,,,,,,,,,,,,,,,
ch_aug_fmj,WEAPON_AUG,CHALLENGE_GET_N_KILLS_FMJ,CHALLENGE_ATTACHMENT_FMJ,,,40,1000,,,,,,,,,,,,,,,,
ch_aug_mastery,CHALLENGE_AUG_MASTERY,CHALLENGE_GET_ALL_ATTACHMENTS,CHALLENGE_BLANK,,,9,10000,,,,,,,,,,,,,,,,
ch_marksman_sa80,WEAPON_SA80,CHALLENGE_GET_N_KILLS,CHALLENGE_MARKSMAN,,,10,500,25,1000,75,2000,150,5000,300,10000,500,10000,750,10000,1000,10000,,
ch_expert_sa80,WEAPON_SA80,CHALLENGE_GET_N_HEADSHOTS,CHALLENGE_EXPERT,,,5,500,15,1000,30,2500,75,5000,150,10000,250,10000,350,10000,500,10000,,
ch_sa80_silencer,WEAPON_SA80,CHALLENGE_GET_N_KILLS_SILENCER,CHALLENGE_ATTACHMENT_SILENCER,,,15,750,,,,,,,,,,,,,,,,
ch_sa80_reflex,WEAPON_SA80,CHALLENGE_GET_N_KILLS_REFLEX,CHALLENGE_ATTACHMENT_REFLEX,,,60,1000,,,,,,,,,,,,,,,,
ch_sa80_acog,WEAPON_SA80,CHALLENGE_GET_N_KILLS_ACOG,CHALLENGE_ATTACHMENT_ACOG,,,20,750,,,,,,,,,,,,,,,,
ch_sa80_fmj,WEAPON_SA80,CHALLENGE_GET_N_KILLS_FMJ,CHALLENGE_ATTACHMENT_FMJ,,,40,1000,,,,,,,,,,,,,,,,
ch_sa80_mastery,CHALLENGE_SA80_MASTERY,CHALLENGE_GET_ALL_ATTACHMENTS,CHALLENGE_BLANK,,,9,10000,,,,,,,,,,,,,,,,
ch_marksman_rpd,WEAPON_RPD,CHALLENGE_GET_N_KILLS,CHALLENGE_MARKSMAN,,,10,500,25,1000,75,2000,150,5000,300,10000,500,10000,750,10000,1000,10000,,
ch_expert_rpd,WEAPON_RPD,CHALLENGE_GET_N_HEADSHOTS,CHALLENGE_EXPERT,,,5,500,15,1000,30,2500,75,5000,150,10000,250,10000,350,10000,500,10000,,
ch_rpd_silencer,WEAPON_RPD,CHALLENGE_GET_N_KILLS_SILENCER,CHALLENGE_ATTACHMENT_SILENCER,,,15,750,,,,,,,,,,,,,,,,
ch_rpd_reflex,WEAPON_RPD,CHALLENGE_GET_N_KILLS_REFLEX,CHALLENGE_ATTACHMENT_REFLEX,,,60,1000,,,,,,,,,,,,,,,,
ch_rpd_acog,WEAPON_RPD,CHALLENGE_GET_N_KILLS_ACOG,CHALLENGE_ATTACHMENT_ACOG,,,20,750,,,,,,,,,,,,,,,,
ch_rpd_fmj,WEAPON_RPD,CHALLENGE_GET_N_KILLS_FMJ,CHALLENGE_ATTACHMENT_FMJ,,,40,1000,,,,,,,,,,,,,,,,
ch_rpd_mastery,CHALLENGE_RPD_MASTERY,CHALLENGE_GET_ALL_ATTACHMENTS,CHALLENGE_BLANK,,,9,10000,,,,,,,,,,,,,,,,
ch_marksman_mg4,WEAPON_MG4,CHALLENGE_GET_N_KILLS,CHALLENGE_MARKSMAN,,,10,500,25,1000,75,2000,150,5000,300,10000,500,10000,750,10000,1000,10000,,
ch_expert_mg4,WEAPON_MG4,CHALLENGE_GET_N_HEADSHOTS,CHALLENGE_EXPERT,,,5,500,15,1000,30,2500,75,5000,150,10000,250,10000,350,10000,500,10000,,
ch_mg4_silencer,WEAPON_MG4,CHALLENGE_GET_N_KILLS_SILENCER,CHALLENGE_ATTACHMENT_SILENCER,,,15,750,,,,,,,,,,,,,,,,
ch_mg4_reflex,WEAPON_MG4,CHALLENGE_GET_N_KILLS_REFLEX,CHALLENGE_ATTACHMENT_REFLEX,,,60,1000,,,,,,,,,,,,,,,,
ch_mg4_acog,WEAPON_MG4,CHALLENGE_GET_N_KILLS_ACOG,CHALLENGE_ATTACHMENT_ACOG,,,20,750,,,,,,,,,,,,,,,,
ch_mg4_fmj,WEAPON_MG4,CHALLENGE_GET_N_KILLS_FMJ,CHALLENGE_ATTACHMENT_FMJ,,,40,1000,,,,,,,,,,,,,,,,
ch_mg4_mastery,CHALLENGE_MG4_MASTERY,CHALLENGE_GET_ALL_ATTACHMENTS,CHALLENGE_BLANK,,,9,10000,,,,,,,,,,,,,,,,
ch_marksman_cheytac,WEAPON_CHEYTAC,CHALLENGE_GET_N_KILLS,CHALLENGE_MARKSMAN,,,10,250,25,1000,75,2000,150,5000,300,10000,500,10000,750,10000,1000,10000,,
ch_expert_cheytac,WEAPON_CHEYTAC,CHALLENGE_GET_N_HEADSHOTS,CHALLENGE_EXPERT,,,5,500,15,1000,30,2500,75,5000,150,10000,250,10000,350,10000,500,10000,,
ch_cheytac_silencer,WEAPON_CHEYTAC,CHALLENGE_GET_N_KILLS_SILENCER,CHALLENGE_ATTACHMENT_SILENCER,,,15,750,,,,,,,,,,,,,,,,
ch_cheytac_acog,WEAPON_CHEYTAC,CHALLENGE_GET_N_KILLS_ACOG,CHALLENGE_ATTACHMENT_ACOG,,,20,750,,,,,,,,,,,,,,,,
ch_cheytac_fmj,WEAPON_CHEYTAC,CHALLENGE_GET_N_KILLS_FMJ,CHALLENGE_ATTACHMENT_FMJ,,,40,1000,,,,,,,,,,,,,,,,
ch_cheytac_mastery,CHALLENGE_CHEYTAC_MASTERY,CHALLENGE_GET_ALL_ATTACHMENTS,CHALLENGE_BLANK,,,6,10000,,,,,,,,,,,,,,,,
ch_marksman_barrett,WEAPON_BARRETT,CHALLENGE_GET_N_KILLS,CHALLENGE_MARKSMAN,,,10,250,25,1000,75,2000,150,5000,300,10000,500,10000,750,10000,1000,10000,,
ch_expert_barrett,WEAPON_BARRETT,CHALLENGE_GET_N_HEADSHOTS,CHALLENGE_EXPERT,,,5,500,15,1000,30,2500,75,5000,150,10000,250,10000,350,10000,500,10000,,
ch_barrett_silencer,WEAPON_BARRETT,CHALLENGE_GET_N_KILLS_SILENCER,CHALLENGE_ATTACHMENT_SILENCER,,,15,750,,,,,,,,,,,,,,,,
ch_barrett_acog,WEAPON_BARRETT,CHALLENGE_GET_N_KILLS_ACOG,CHALLENGE_ATTACHMENT_ACOG,,,20,750,,,,,,,,,,,,,,,,
ch_barrett_fmj,WEAPON_BARRETT,CHALLENGE_GET_N_KILLS_FMJ,CHALLENGE_ATTACHMENT_FMJ,,,40,1000,,,,,,,,,,,,,,,,
ch_barrett_mastery,CHALLENGE_BARRETT_MASTERY,CHALLENGE_GET_ALL_ATTACHMENTS,CHALLENGE_BLANK,,,6,10000,,,,,,,,,,,,,,,,
ch_marksman_m21,WEAPON_M21,CHALLENGE_GET_N_KILLS,CHALLENGE_MARKSMAN,,,10,250,25,1000,75,2000,150,5000,300,10000,500,10000,750,10000,1000,10000,,
ch_expert_m21,WEAPON_M21,CHALLENGE_GET_N_HEADSHOTS,CHALLENGE_EXPERT,,,5,500,15,1000,30,2500,75,5000,150,10000,250,10000,350,10000,500,10000,,
ch_m21_silencer,WEAPON_M21,CHALLENGE_GET_N_KILLS_SILENCER,CHALLENGE_ATTACHMENT_SILENCER,,,15,750,,,,,,,,,,,,,,,,
ch_m21_acog,WEAPON_M21,CHALLENGE_GET_N_KILLS_ACOG,CHALLENGE_ATTACHMENT_ACOG,,,20,750,,,,,,,,,,,,,,,,
ch_m21_fmj,WEAPON_M21,CHALLENGE_GET_N_KILLS_FMJ,CHALLENGE_ATTACHMENT_FMJ,,,40,1000,,,,,,,,,,,,,,,,
ch_m21_mastery,CHALLENGE_M21_MASTERY,CHALLENGE_GET_ALL_ATTACHMENTS,CHALLENGE_BLANK,,,6,10000,,,,,,,,,,,,,,,,
ch_marksman_wa2000,WEAPON_WA2000,CHALLENGE_GET_N_KILLS,CHALLENGE_MARKSMAN,,,10,250,25,1000,75,2000,150,5000,300,10000,500,10000,750,10000,1000,10000,,
ch_expert_wa2000,WEAPON_WA2000,CHALLENGE_GET_N_HEADSHOTS,CHALLENGE_EXPERT,,,5,500,15,1000,30,2500,75,5000,150,10000,250,10000,350,10000,500,10000,,
ch_wa2000_silencer,WEAPON_WA2000,CHALLENGE_GET_N_KILLS_SILENCER,CHALLENGE_ATTACHMENT_SILENCER,,,15,750,,,,,,,,,,,,,,,,
ch_wa2000_acog,WEAPON_WA2000,CHALLENGE_GET_N_KILLS_ACOG,CHALLENGE_ATTACHMENT_ACOG,,,20,750,,,,,,,,,,,,,,,,
ch_wa2000_fmj,WEAPON_WA2000,CHALLENGE_GET_N_KILLS_FMJ,CHALLENGE_ATTACHMENT_FMJ,,,40,1000,,,,,,,,,,,,,,,,
ch_wa2000_mastery,CHALLENGE_WA2000_MASTERY,CHALLENGE_GET_ALL_ATTACHMENTS,CHALLENGE_BLANK,,,6,10000,,,,,,,,,,,,,,,,
ch_marksman_glock,WEAPON_GLOCK,CHALLENGE_GET_N_KILLS,CHALLENGE_MARKSMAN,,,10,500,25,1000,50,1500,75,2000,100,2500,150,3500,300,10000,1000,10000,,
ch_expert_glock,WEAPON_GLOCK,CHALLENGE_GET_N_HEADSHOTS,CHALLENGE_EXPERT,,,5,500,15,1000,30,2500,75,5000,150,10000,250,10000,350,10000,500,10000,,
ch_marksman_tmp,WEAPON_TMP,CHALLENGE_GET_N_KILLS,CHALLENGE_MARKSMAN,,,10,500,25,1000,50,1500,75,2000,100,2500,150,3500,300,10000,1000,10000,,
ch_expert_tmp,WEAPON_TMP,CHALLENGE_GET_N_HEADSHOTS,CHALLENGE_EXPERT,,,5,500,15,1000,30,2500,75,5000,150,10000,250,10000,350,10000,500,10000,,
ch_marksman_beretta393,WEAPON_BERETTA393,CHALLENGE_GET_N_KILLS,CHALLENGE_MARKSMAN,,,10,500,25,1000,50,1500,75,2000,100,2500,150,3500,300,10000,1000,10000,,
ch_expert_beretta393,WEAPON_BERETTA393,CHALLENGE_GET_N_HEADSHOTS,CHALLENGE_EXPERT,,,5,500,15,1000,30,2500,75,5000,150,10000,250,10000,350,10000,500,10000,,
ch_marksman_pp2000,WEAPON_PP2000,CHALLENGE_GET_N_KILLS,CHALLENGE_MARKSMAN,,,10,500,25,1000,50,1500,75,2000,100,2500,150,3500,300,10000,1000,10000,,
ch_expert_pp2000,WEAPON_PP2000,CHALLENGE_GET_N_HEADSHOTS,CHALLENGE_EXPERT,,,5,500,15,1000,30,2500,75,5000,150,10000,250,10000,350,10000,500,10000,,
ch_marksman_striker,WEAPON_STRIKER,CHALLENGE_GET_N_KILLS,CHALLENGE_MARKSMAN,,,10,500,25,1000,75,2500,150,5000,250,10000,400,10000,500,10000,1000,10000,,
ch_expert_striker,WEAPON_STRIKER,CHALLENGE_GET_N_HEADSHOTS,CHALLENGE_EXPERT,,,5,500,10,1000,20,2500,40,5000,100,10000,200,10000,350,10000,500,10000,,
ch_marksman_aa12,WEAPON_AA12,CHALLENGE_GET_N_KILLS,CHALLENGE_MARKSMAN,,,10,500,25,1000,75,2500,150,5000,250,10000,400,10000,500,10000,1000,10000,,
ch_expert_aa12,WEAPON_AA12,CHALLENGE_GET_N_HEADSHOTS,CHALLENGE_EXPERT,,,5,500,10,1000,20,2500,40,5000,100,10000,200,10000,350,10000,500,10000,,
ch_marksman_m1014,WEAPON_M1014,CHALLENGE_GET_N_KILLS,CHALLENGE_MARKSMAN,,,10,500,25,1000,75,2500,150,5000,250,10000,400,10000,500,10000,1000,10000,,
ch_expert_m1014,WEAPON_M1014,CHALLENGE_GET_N_HEADSHOTS,CHALLENGE_EXPERT,,,5,500,10,1000,20,2500,40,5000,100,10000,200,10000,350,10000,500,10000,,
ch_marksman_spas12,WEAPON_SPAS12,CHALLENGE_GET_N_KILLS,CHALLENGE_MARKSMAN,,,10,500,25,1000,75,2500,150,5000,250,10000,400,10000,500,10000,1000,10000,,
ch_expert_spas12,WEAPON_SPAS12,CHALLENGE_GET_N_HEADSHOTS,CHALLENGE_EXPERT,,,5,500,10,1000,20,2500,40,5000,100,10000,200,10000,350,10000,500,10000,,
ch_marksman_ranger,WEAPON_RANGER,CHALLENGE_GET_N_KILLS,CHALLENGE_MARKSMAN,,,10,500,50,1500,300,10000,1000,10000,2500,10000,,,,,,,,
ch_expert_ranger,WEAPON_RANGER,CHALLENGE_GET_N_HEADSHOTS,CHALLENGE_EXPERT,,,5,500,10,1000,20,2500,40,5000,100,10000,200,10000,350,10000,500,10000,,
ch_marksman_model1887,WEAPON_MODEL1887,CHALLENGE_GET_N_KILLS,CHALLENGE_MARKSMAN,,,10,500,50,1500,300,10000,1000,10000,2500,10000,,,,,,,,
ch_expert_model1887,WEAPON_MODEL1887,CHALLENGE_GET_N_HEADSHOTS,CHALLENGE_EXPERT,,,5,500,10,1000,20,2500,40,5000,100,10000,200,10000,350,10000,500,10000,,
ch_marksman_usp,WEAPON_USP,CHALLENGE_GET_N_KILLS,CHALLENGE_MARKSMAN,,,10,500,25,1000,50,1500,75,2000,100,2500,150,3500,300,10000,1000,10000,,
ch_expert_usp,WEAPON_USP,CHALLENGE_GET_N_HEADSHOTS,CHALLENGE_EXPERT,,,5,500,15,1000,30,2500,75,5000,150,10000,250,10000,350,10000,500,10000,,
ch_marksman_beretta,WEAPON_BERETTA,CHALLENGE_GET_N_KILLS,CHALLENGE_MARKSMAN,,,10,500,25,1000,50,1500,75,2000,100,2500,150,3500,300,10000,1000,10000,,
ch_expert_beretta,WEAPON_BERETTA,CHALLENGE_GET_N_HEADSHOTS,CHALLENGE_EXPERT,,,5,500,15,1000,30,2500,75,5000,150,10000,250,10000,350,10000,500,10000,,
ch_marksman_coltanaconda,WEAPON_ANACONDA,CHALLENGE_GET_N_KILLS,CHALLENGE_MARKSMAN,,,10,500,50,1500,100,2500,300,10000,1000,10000,2500,10000,,,,,,
ch_expert_coltanaconda,WEAPON_ANACONDA,CHALLENGE_GET_N_HEADSHOTS,CHALLENGE_EXPERT,,,5,500,15,1000,30,2500,75,5000,150,10000,250,10000,350,10000,500,10000,,
ch_marksman_deserteagle,WEAPON_DESERTEAGLE,CHALLENGE_GET_N_KILLS,CHALLENGE_MARKSMAN,,,10,500,50,1500,100,2500,300,10000,1000,10000,2500,10000,,,,,,
ch_expert_deserteagle,WEAPON_DESERTEAGLE,CHALLENGE_GET_N_HEADSHOTS,CHALLENGE_EXPERT,,,5,500,15,1000,30,2500,75,5000,150,10000,250,10000,350,10000,500,10000,,
ch_marksman_at4,WEAPON_AT4_LOCKAIR,CHALLENGE_GET_N_KILLS,CHALLENGE_MARKSMAN,,,10,250,25,1000,75,2000,150,5000,300,10000,500,10000,800,10000,1200,10000,,
ch_marksman_rpg,WEAPON_RPG,CHALLENGE_GET_N_KILLS,CHALLENGE_MARKSMAN,,,10,250,25,1000,75,2000,150,5000,300,10000,500,10000,800,10000,1200,10000,,
ch_marksman_javelin,WEAPON_JAVELIN,CHALLENGE_GET_N_KILLS,CHALLENGE_MARKSMAN,,,10,250,25,1000,75,2000,150,5000,300,10000,500,10000,800,10000,1200,10000,,
ch_marksman_m79,WEAPON_M79,CHALLENGE_GET_N_KILLS,CHALLENGE_MARKSMAN,,,10,250,25,1000,75,2000,150,5000,300,10000,500,10000,800,10000,1200,10000,,
ch_marksman_stinger,WEAPON_STINGER,CHALLENGE_KILL_N_HELICOPTERS,CHALLENGE_MARKSMAN,,,3,250,8,1000,15,2000,25,5000,40,10000,60,10000,100,10000,250,10000,,
ch_prestige,MPUI_PRESTIGE,,CHALLENGE_LEVEL,,,1,0,2,0,3,0,4,0,5,0,6,0,7,0,8,0,9,0
ch_prestige_10,MPUI_PRESTIGE,,CHALLENGE_LEVEL,,,1,0,,,,,,,,,,,,,,,,
pr_marksman_ak47,WEAPON_AK47,CHALLENGE_GET_N_KILLS,CHALLENGE_PRESTIGE_MARKSMAN,,,500,10000,1000,10000,2500,10000,,,,,,,,,,,,
pr_expert_ak47,WEAPON_AK47,CHALLENGE_GET_N_HEADSHOTS,CHALLENGE_PRESTIGE_EXPERT,,,250,10000,500,10000,1000,10000,,,,,,,,,,,,
pr_marksman_fal,WEAPON_FAL,CHALLENGE_GET_N_KILLS,CHALLENGE_PRESTIGE_MARKSMAN,,,500,10000,1000,10000,2500,10000,,,,,,,,,,,,
pr_expert_fal,WEAPON_FAL,CHALLENGE_GET_N_HEADSHOTS,CHALLENGE_PRESTIGE_EXPERT,,,250,10000,500,10000,1000,10000,,,,,,,,,,,,
pr_marksman_famas,WEAPON_FAMAS,CHALLENGE_GET_N_KILLS,CHALLENGE_PRESTIGE_MARKSMAN,,,500,10000,1000,10000,2500,10000,,,,,,,,,,,,
pr_expert_famas,WEAPON_FAMAS,CHALLENGE_GET_N_HEADSHOTS,CHALLENGE_PRESTIGE_EXPERT,,,250,10000,500,10000,1000,10000,,,,,,,,,,,,
pr_marksman_fn2000,WEAPON_FN2000,CHALLENGE_GET_N_KILLS,CHALLENGE_PRESTIGE_MARKSMAN,,,500,10000,1000,10000,2500,10000,,,,,,,,,,,,
pr_expert_fn2000,WEAPON_FN2000,CHALLENGE_GET_N_HEADSHOTS,CHALLENGE_PRESTIGE_EXPERT,,,250,10000,500,10000,1000,10000,,,,,,,,,,,,
pr_marksman_m4,WEAPON_M4,CHALLENGE_GET_N_KILLS,CHALLENGE_PRESTIGE_MARKSMAN,,,500,10000,1000,10000,2500,10000,,,,,,,,,,,,
pr_expert_m4,WEAPON_M4,CHALLENGE_GET_N_HEADSHOTS,CHALLENGE_PRESTIGE_EXPERT,,,250,10000,500,10000,1000,10000,,,,,,,,,,,,
pr_marksman_m16,WEAPON_M16,CHALLENGE_GET_N_KILLS,CHALLENGE_PRESTIGE_MARKSMAN,,,500,10000,1000,10000,2500,10000,,,,,,,,,,,,
pr_expert_m16,WEAPON_M16,CHALLENGE_GET_N_HEADSHOTS,CHALLENGE_PRESTIGE_EXPERT,,,250,10000,500,10000,1000,10000,,,,,,,,,,,,
pr_marksman_masada,WEAPON_MASADA,CHALLENGE_GET_N_KILLS,CHALLENGE_PRESTIGE_MARKSMAN,,,500,10000,1000,10000,2500,10000,,,,,,,,,,,,
pr_expert_masada,WEAPON_MASADA,CHALLENGE_GET_N_HEADSHOTS,CHALLENGE_PRESTIGE_EXPERT,,,250,10000,500,10000,1000,10000,,,,,,,,,,,,
pr_marksman_scar,WEAPON_SCAR,CHALLENGE_GET_N_KILLS,CHALLENGE_PRESTIGE_MARKSMAN,,,500,10000,1000,10000,2500,10000,,,,,,,,,,,,
pr_expert_scar,WEAPON_SCAR,CHALLENGE_GET_N_HEADSHOTS,CHALLENGE_PRESTIGE_EXPERT,,,250,10000,500,10000,1000,10000,,,,,,,,,,,,
pr_marksman_tavor,WEAPON_TAVOR,CHALLENGE_GET_N_KILLS,CHALLENGE_PRESTIGE_MARKSMAN,,,500,10000,1000,10000,2500,10000,,,,,,,,,,,,
pr_expert_tavor,WEAPON_TAVOR,CHALLENGE_GET_N_HEADSHOTS,CHALLENGE_PRESTIGE_EXPERT,,,250,10000,500,10000,1000,10000,,,,,,,,,,,,
pr_marksman_mp5k,WEAPON_MP5K,CHALLENGE_GET_N_KILLS,CHALLENGE_PRESTIGE_MARKSMAN,,,500,10000,1000,10000,2500,10000,,,,,,,,,,,,
pr_expert_mp5k,WEAPON_MP5K,CHALLENGE_GET_N_HEADSHOTS,CHALLENGE_PRESTIGE_EXPERT,,,250,10000,500,10000,1000,10000,,,,,,,,,,,,
pr_marksman_uzi,WEAPON_UZI,CHALLENGE_GET_N_KILLS,CHALLENGE_PRESTIGE_MARKSMAN,,,500,10000,1000,10000,2500,10000,,,,,,,,,,,,
pr_expert_uzi,WEAPON_UZI,CHALLENGE_GET_N_HEADSHOTS,CHALLENGE_PRESTIGE_EXPERT,,,250,10000,500,10000,1000,10000,,,,,,,,,,,,
pr_marksman_kriss,WEAPON_KRISS,CHALLENGE_GET_N_KILLS,CHALLENGE_PRESTIGE_MARKSMAN,,,500,10000,1000,10000,2500,10000,,,,,,,,,,,,
pr_expert_kriss,WEAPON_KRISS,CHALLENGE_GET_N_HEADSHOTS,CHALLENGE_PRESTIGE_EXPERT,,,250,10000,500,10000,1000,10000,,,,,,,,,,,,
pr_marksman_ump45,WEAPON_UMP45,CHALLENGE_GET_N_KILLS,CHALLENGE_PRESTIGE_MARKSMAN,,,500,10000,1000,10000,2500,10000,,,,,,,,,,,,
pr_expert_ump45,WEAPON_UMP45,CHALLENGE_GET_N_HEADSHOTS,CHALLENGE_PRESTIGE_EXPERT,,,250,10000,500,10000,1000,10000,,,,,,,,,,,,
pr_marksman_p90,WEAPON_P90,CHALLENGE_GET_N_KILLS,CHALLENGE_PRESTIGE_MARKSMAN,,,500,10000,1000,10000,2500,10000,,,,,,,,,,,,
pr_expert_p90,WEAPON_P90,CHALLENGE_GET_N_HEADSHOTS,CHALLENGE_PRESTIGE_EXPERT,,,250,10000,500,10000,1000,10000,,,,,,,,,,,,
pr_marksman_m240,WEAPON_M240,CHALLENGE_GET_N_KILLS,CHALLENGE_PRESTIGE_MARKSMAN,,,500,10000,1000,10000,2500,10000,,,,,,,,,,,,
pr_expert_m240,WEAPON_M240,CHALLENGE_GET_N_HEADSHOTS,CHALLENGE_PRESTIGE_EXPERT,,,250,10000,500,10000,1000,10000,,,,,,,,,,,,
pr_marksman_aug,WEAPON_AUG,CHALLENGE_GET_N_KILLS,CHALLENGE_PRESTIGE_MARKSMAN,,,500,10000,1000,10000,2500,10000,,,,,,,,,,,,
pr_expert_aug,WEAPON_AUG,CHALLENGE_GET_N_HEADSHOTS,CHALLENGE_PRESTIGE_EXPERT,,,250,10000,500,10000,1000,10000,,,,,,,,,,,,
pr_marksman_sa80,WEAPON_SA80,CHALLENGE_GET_N_KILLS,CHALLENGE_PRESTIGE_MARKSMAN,,,500,10000,1000,10000,2500,10000,,,,,,,,,,,,
pr_expert_sa80,WEAPON_SA80,CHALLENGE_GET_N_HEADSHOTS,CHALLENGE_PRESTIGE_EXPERT,,,250,10000,500,10000,1000,10000,,,,,,,,,,,,
pr_marksman_rpd,WEAPON_RPD,CHALLENGE_GET_N_KILLS,CHALLENGE_PRESTIGE_MARKSMAN,,,500,10000,1000,10000,2500,10000,,,,,,,,,,,,
pr_expert_rpd,WEAPON_RPD,CHALLENGE_GET_N_HEADSHOTS,CHALLENGE_PRESTIGE_EXPERT,,,250,10000,500,10000,1000,10000,,,,,,,,,,,,
pr_marksman_mg4,WEAPON_MG4,CHALLENGE_GET_N_KILLS,CHALLENGE_PRESTIGE_MARKSMAN,,,500,10000,1000,10000,2500,10000,,,,,,,,,,,,
pr_expert_mg4,WEAPON_MG4,CHALLENGE_GET_N_HEADSHOTS,CHALLENGE_PRESTIGE_EXPERT,,,250,10000,500,10000,1000,10000,,,,,,,,,,,,
pr_marksman_cheytac,WEAPON_CHEYTAC,CHALLENGE_GET_N_KILLS,CHALLENGE_PRESTIGE_MARKSMAN,,,500,10000,1000,10000,2500,10000,,,,,,,,,,,,
pr_expert_cheytac,WEAPON_CHEYTAC,CHALLENGE_GET_N_HEADSHOTS,CHALLENGE_PRESTIGE_EXPERT,,,250,10000,500,10000,1000,10000,,,,,,,,,,,,
pr_marksman_barrett,WEAPON_BARRETT,CHALLENGE_GET_N_KILLS,CHALLENGE_PRESTIGE_MARKSMAN,,,500,10000,1000,10000,2500,10000,,,,,,,,,,,,
pr_expert_barrett,WEAPON_BARRETT,CHALLENGE_GET_N_HEADSHOTS,CHALLENGE_PRESTIGE_EXPERT,,,250,10000,500,10000,1000,10000,,,,,,,,,,,,
pr_marksman_m21,WEAPON_M21,CHALLENGE_GET_N_KILLS,CHALLENGE_PRESTIGE_MARKSMAN,,,500,10000,1000,10000,2500,10000,,,,,,,,,,,,
pr_expert_m21,WEAPON_M21,CHALLENGE_GET_N_HEADSHOTS,CHALLENGE_PRESTIGE_EXPERT,,,250,10000,500,10000,1000,10000,,,,,,,,,,,,
pr_marksman_wa2000,WEAPON_WA2000,CHALLENGE_GET_N_KILLS,CHALLENGE_PRESTIGE_MARKSMAN,,,500,10000,1000,10000,2500,10000,,,,,,,,,,,,
pr_expert_wa2000,WEAPON_WA2000,CHALLENGE_GET_N_HEADSHOTS,CHALLENGE_PRESTIGE_EXPERT,,,250,10000,500,10000,1000,10000,,,,,,,,,,,,
pr_marksman_glock,WEAPON_GLOCK,CHALLENGE_GET_N_KILLS,CHALLENGE_PRESTIGE_MARKSMAN,,,500,10000,1000,10000,2500,10000,,,,,,,,,,,,
pr_expert_glock,WEAPON_GLOCK,CHALLENGE_GET_N_HEADSHOTS,CHALLENGE_PRESTIGE_EXPERT,,,250,10000,500,10000,1000,10000,,,,,,,,,,,,
pr_marksman_tmp,WEAPON_TMP,CHALLENGE_GET_N_KILLS,CHALLENGE_PRESTIGE_MARKSMAN,,,500,10000,1000,10000,2500,10000,,,,,,,,,,,,
pr_expert_tmp,WEAPON_TMP,CHALLENGE_GET_N_HEADSHOTS,CHALLENGE_PRESTIGE_EXPERT,,,250,10000,500,10000,1000,10000,,,,,,,,,,,,
pr_marksman_beretta393,WEAPON_BERETTA393,CHALLENGE_GET_N_KILLS,CHALLENGE_PRESTIGE_MARKSMAN,,,500,10000,1000,10000,2500,10000,,,,,,,,,,,,
pr_expert_beretta393,WEAPON_BERETTA393,CHALLENGE_GET_N_HEADSHOTS,CHALLENGE_PRESTIGE_EXPERT,,,250,10000,500,10000,1000,10000,,,,,,,,,,,,
pr_marksman_pp2000,WEAPON_PP2000,CHALLENGE_GET_N_KILLS,CHALLENGE_PRESTIGE_MARKSMAN,,,500,10000,1000,10000,2500,10000,,,,,,,,,,,,
pr_expert_pp2000,WEAPON_PP2000,CHALLENGE_GET_N_HEADSHOTS,CHALLENGE_PRESTIGE_EXPERT,,,250,10000,500,10000,1000,10000,,,,,,,,,,,,
pr_marksman_striker,WEAPON_STRIKER,CHALLENGE_GET_N_KILLS,CHALLENGE_PRESTIGE_MARKSMAN,,,500,10000,1000,10000,2500,10000,,,,,,,,,,,,
pr_expert_striker,WEAPON_STRIKER,CHALLENGE_GET_N_HEADSHOTS,CHALLENGE_PRESTIGE_EXPERT,,,250,10000,500,10000,1000,10000,,,,,,,,,,,,
pr_marksman_aa12,WEAPON_AA12,CHALLENGE_GET_N_KILLS,CHALLENGE_PRESTIGE_MARKSMAN,,,500,10000,1000,10000,2500,10000,,,,,,,,,,,,
pr_expert_aa12,WEAPON_AA12,CHALLENGE_GET_N_HEADSHOTS,CHALLENGE_PRESTIGE_EXPERT,,,250,10000,500,10000,1000,10000,,,,,,,,,,,,
pr_marksman_m1014,WEAPON_M1014,CHALLENGE_GET_N_KILLS,CHALLENGE_PRESTIGE_MARKSMAN,,,500,10000,1000,10000,2500,10000,,,,,,,,,,,,
pr_expert_m1014,WEAPON_M1014,CHALLENGE_GET_N_HEADSHOTS,CHALLENGE_PRESTIGE_EXPERT,,,250,10000,500,10000,1000,10000,,,,,,,,,,,,
pr_marksman_spas12,WEAPON_SPAS12,CHALLENGE_GET_N_KILLS,CHALLENGE_PRESTIGE_MARKSMAN,,,500,10000,1000,10000,2500,10000,,,,,,,,,,,,
pr_expert_spas12,WEAPON_SPAS12,CHALLENGE_GET_N_HEADSHOTS,CHALLENGE_PRESTIGE_EXPERT,,,250,10000,500,10000,1000,10000,,,,,,,,,,,,
pr_marksman_ranger,WEAPON_RANGER,CHALLENGE_GET_N_KILLS,CHALLENGE_PRESTIGE_MARKSMAN,,,500,10000,1000,10000,2500,10000,,,,,,,,,,,,
pr_expert_ranger,WEAPON_RANGER,CHALLENGE_GET_N_HEADSHOTS,CHALLENGE_PRESTIGE_EXPERT,,,250,10000,500,10000,1000,10000,,,,,,,,,,,,
pr_marksman_model1887,WEAPON_MODEL1887,CHALLENGE_GET_N_KILLS,CHALLENGE_PRESTIGE_MARKSMAN,,,500,10000,1000,10000,2500,10000,,,,,,,,,,,,
pr_expert_model1887,WEAPON_MODEL1887,CHALLENGE_GET_N_HEADSHOTS,CHALLENGE_PRESTIGE_EXPERT,,,250,10000,500,10000,1000,10000,,,,,,,,,,,,
pr_marksman_usp,WEAPON_USP,CHALLENGE_GET_N_KILLS,CHALLENGE_PRESTIGE_MARKSMAN,,,500,10000,1000,10000,2500,10000,,,,,,,,,,,,
pr_expert_usp,WEAPON_USP,CHALLENGE_GET_N_HEADSHOTS,CHALLENGE_PRESTIGE_EXPERT,,,250,10000,500,10000,1000,10000,,,,,,,,,,,,
pr_marksman_beretta,WEAPON_BERETTA,CHALLENGE_GET_N_KILLS,CHALLENGE_PRESTIGE_MARKSMAN,,,500,10000,1000,10000,2500,10000,,,,,,,,,,,,
pr_expert_beretta,WEAPON_BERETTA,CHALLENGE_GET_N_HEADSHOTS,CHALLENGE_PRESTIGE_EXPERT,,,250,10000,500,10000,1000,10000,,,,,,,,,,,,
pr_marksman_coltanaconda,WEAPON_ANACONDA,CHALLENGE_GET_N_KILLS,CHALLENGE_PRESTIGE_MARKSMAN,,,500,10000,1000,10000,2500,10000,,,,,,,,,,,,
pr_expert_coltanaconda,WEAPON_ANACONDA,CHALLENGE_GET_N_HEADSHOTS,CHALLENGE_PRESTIGE_EXPERT,,,250,10000,500,10000,1000,10000,,,,,,,,,,,,
pr_marksman_deserteagle,WEAPON_DESERTEAGLE,CHALLENGE_GET_N_KILLS,CHALLENGE_PRESTIGE_MARKSMAN,,,500,10000,1000,10000,2500,10000,,,,,,,,,,,,
pr_expert_deserteagle,WEAPON_DESERTEAGLE,CHALLENGE_GET_N_HEADSHOTS,CHALLENGE_PRESTIGE_EXPERT,,,250,10000,500,10000,1000,10000,,,,,,,,,,,,
pr_marksman_at4,WEAPON_AT4_LOCKAIR,CHALLENGE_GET_N_KILLS,CHALLENGE_PRESTIGE_MARKSMAN,,,500,10000,1000,10000,2500,10000,,,,,,,,,,,,
pr_expert_at4,WEAPON_AT4_LOCKAIR,CHALLENGE_GET_N_MULTIKILLS,CHALLENGE_PRESTIGE_EXPERT,,,250,10000,500,10000,1000,10000,,,,,,,,,,,,
pr_marksman_rpg,WEAPON_RPG,CHALLENGE_GET_N_KILLS,CHALLENGE_PRESTIGE_MARKSMAN,,,500,10000,1000,10000,2500,10000,,,,,,,,,,,,
pr_expert_rpg,WEAPON_RPG,CHALLENGE_GET_N_MULTIKILLS,CHALLENGE_PRESTIGE_EXPERT,,,250,10000,500,10000,1000,10000,,,,,,,,,,,,
pr_marksman_javelin,WEAPON_JAVELIN,CHALLENGE_GET_N_KILLS,CHALLENGE_PRESTIGE_MARKSMAN,,,500,10000,1000,10000,2500,10000,,,,,,,,,,,,
pr_expert_javelin,WEAPON_JAVELIN,CHALLENGE_GET_N_MULTIKILLS,CHALLENGE_PRESTIGE_EXPERT,,,250,10000,500,10000,1000,10000,,,,,,,,,,,,
pr_marksman_m79,WEAPON_M79,CHALLENGE_GET_N_KILLS,CHALLENGE_PRESTIGE_MARKSMAN,,,500,10000,1000,10000,2500,10000,,,,,,,,,,,,
pr_expert_m79,WEAPON_M79,CHALLENGE_GET_N_MULTIKILLS,CHALLENGE_PRESTIGE_EXPERT,,,250,10000,500,10000,1000,10000,,,,,,,,,,,,
pr_marksman_stinger,WEAPON_STINGER,CHALLENGE_KILL_N_HELICOPTERS,CHALLENGE_PRESTIGE_MARKSMAN,,,500,10000,1000,10000,2000,10000,5000,10000,,,,,,,,,,
pr_expert_stinger,WEAPON_STINGER,CHALLENGE_GET_N_MULTIKILLS,CHALLENGE_PRESTIGE_EXPERT,,,250,10000,500,10000,1000,10000,,,,,,,,,,,,
ch_marathon_pro,CHALLENGE_MARATHON_PRO,CHALLENGE_RUN_N_MILES,CHALLENGE_LEVEL,,,5280,500,26400,1000,52800,2500,137280,5000,274560,10000,549120,10000,,,,,,
ch_sleightofhand_pro,CHALLENGE_SLEIGHTOFHAND_PRO,CHALLENGE_GET_N_SOH_KILLS,CHALLENGE_LEVEL,,,15,500,30,1000,60,2500,120,5000,300,10000,750,10000,,,,,,
ch_scavenger_pro,CHALLENGE_SCAVENGER_PRO,CHALLENGE_PICKUP_N_SCAVENGER_PACKS,CHALLENGE_LEVEL,,,10,500,25,1000,50,2500,100,5000,250,10000,500,10000,,,,,,
ch_bling_pro,CHALLENGE_BLING_PRO,CHALLENGE_GET_N_BLING_KILLS,CHALLENGE_LEVEL,,,25,500,50,1000,100,2500,200,5000,450,10000,900,10000,,,,,,
ch_onemanarmy_pro,CHALLENGE_ONEMANARMY_PRO,CHALLENGE_GET_N_KILLS_OMA,CHALLENGE_LEVEL,,,15,500,30,1000,60,2500,120,5000,300,10000,750,10000,,,,,,
ch_stoppingpower_pro,CHALLENGE_STOPPINGPOWER_PRO,CHALLENGE_GET_N_SP_KILLS,CHALLENGE_LEVEL,,,30,500,60,1000,120,2500,250,5000,500,10000,1000,10000,,,,,,
ch_lightweight_pro,CHALLENGE_LIGHTWEIGHT_PRO,CHALLENGE_SPRINT_N_MILES,CHALLENGE_LEVEL,,,10560,500,42240,1000,79200,2500,158400,5000,528000,10000,1320000,10000,,,,,,
ch_hardline_pro,CHALLENGE_HARDLINE_PRO,CHALLENGE_GET_N_KILLSTREAKS,CHALLENGE_LEVEL,,,3,500,10,1000,20,2500,40,5000,100,10000,250,10000,,,,,,
ch_coldblooded_pro,CHALLENGE_COLDBLOODED_PRO,CHALLENGE_KILL_N_KILLSTREAKS,CHALLENGE_LEVEL,,,3,500,10,1000,20,2500,40,5000,100,10000,250,10000,,,,,,
ch_dangerclose_pro,CHALLENGE_DANGERCLOSE_PRO,CHALLENGE_GET_N_KS_EXPLOSIVE_KILLS,CHALLENGE_LEVEL,,,10,500,25,1000,50,2500,100,5000,250,10000,500,10000,,,,,,
ch_extendedmelee_pro,CHALLENGE_EXTENDEDMELEE_PRO,CHALLENGE_GET_N_MELEE_KILLS,CHALLENGE_LEVEL,,,2,500,5,1000,10,2500,20,5000,50,10000,100,10000,,,,,,
ch_bulletaccuracy_pro,CHALLENGE_BULLETACCURACY_PRO,CHALLENGE_GET_N_HIPFIRE_KILLS,CHALLENGE_LEVEL,,,10,500,20,1000,40,2500,80,5000,200,10000,500,10000,,,,,,
ch_scrambler_pro,CHALLENGE_SCRAMBLER_PRO,CHALLENGE_GET_N_CLOSE_SC_KILLS,CHALLENGE_LEVEL,,,5,500,10,1000,25,2500,50,5000,125,10000,250,10000,,,,,,
ch_deadsilence_pro,CHALLENGE_DEADSILENCE_PRO,CHALLENGE_GET_N_CLOSE_DS_KILLS,CHALLENGE_LEVEL,,,5,500,10,1000,25,2500,50,5000,125,10000,250,10000,,,,,,
ch_detectexplosives_pro,CHALLENGE_DETECTEXPLOSIVES_PRO,CHALLENGE_GET_N_DE_KILLS,CHALLENGE_LEVEL,,,15,500,30,1000,60,2500,120,5000,300,10000,750,10000,,,,,,
ch_laststand_pro,CHALLENGE_LASTSTAND_PRO,CHALLENGE_GET_N_LASTSTAND_KILLS,CHALLENGE_LEVEL,,,2,500,5,1000,10,2500,20,5000,50,10000,100,10000,,,,,,
ch_uav,CHALLENGE_UAV,CHALLENGE_DESC_UAV,CHALLENGE_LEVEL,,,5,1000,25,2500,50,5000,,,,,,,,,,,,
ch_airdrop,CHALLENGE_AIRDROP,CHALLENGE_DESC_AIRDROP,CHALLENGE_LEVEL,,,5,1000,25,2500,50,5000,,,,,,,,,,,,
ch_counter_uav,CHALLENGE_COUNTER_UAV,CHALLENGE_DESC_COUNTER_UAV,CHALLENGE_LEVEL,,,5,1000,25,2500,50,5000,,,,,,,,,,,,
ch_sentry,CHALLENGE_SENTRY,CHALLENGE_DESC_SENTRY,CHALLENGE_LEVEL,,,5,1000,25,2500,50,5000,,,,,,,,,,,,
ch_predator_missile,CHALLENGE_PREDATOR_MISSILE,CHALLENGE_DESC_PREDATOR_MISSILE,CHALLENGE_LEVEL,,,5,1000,25,2500,50,5000,,,,,,,,,,,,
ch_precision_airstrike,CHALLENGE_PRECISION_AIRSTRIKE,CHALLENGE_DESC_PRECISION_AIRSTRIKE,CHALLENGE_LEVEL,,,5,1500,25,3000,50,6000,,,,,,,,,,,,
ch_harrier_strike,CHALLENGE_HARRIER_AIRSTRIKE,CHALLENGE_DESC_HARRIER_AIRSTRIKE,CHALLENGE_LEVEL,,,5,1500,25,3000,50,6000,,,,,,,,,,,,
ch_helicopter,CHALLENGE_HELICOPTER,CHALLENGE_DESC_HELICOPTER,CHALLENGE_LEVEL,,,5,1500,25,3000,50,6000,,,,,,,,,,,,
ch_airdrop_mega,CHALLENGE_AIRDROP_MEGA,CHALLENGE_DESC_AIRDROP_MEGA,CHALLENGE_LEVEL,,,3,1500,10,3000,25,6000,,,,,,,,,,,,
ch_helicopter_flares,CHALLENGE_HELICOPTER_FLARES,CHALLENGE_DESC_HELICOPTER_FLARES,CHALLENGE_LEVEL,,,3,1500,10,3000,25,6000,,,,,,,,,,,,
ch_stealth_airstrike,CHALLENGE_STEALTH_AIRSTRIKE,CHALLENGE_DESC_STEALTH_AIRSTRIKE,CHALLENGE_LEVEL,,,3,1500,10,3000,25,6000,,,,,,,,,,,,
ch_helicopter_minigun,CHALLENGE_HELICOPTER_MINIGUN,CHALLENGE_DESC_HELICOPTER_MINIGUN,CHALLENGE_LEVEL,,,3,2500,10,5000,25,10000,,,,,,,,,,,,
ch_ac130,CHALLENGE_AC130,CHALLENGE_DESC_AC130,CHALLENGE_LEVEL,,,3,2500,10,5000,25,10000,,,,,,,,,,,,
ch_emp,CHALLENGE_EMP,CHALLENGE_DESC_EMP,CHALLENGE_LEVEL,,,2,2500,5,5000,10,10000,,,,,,,,,,,,
ch_nuke,CHALLENGE_NUKE,CHALLENGE_DESC_NUKE,CHALLENGE_LEVEL,,,2,5000,5,10000,10,10000,,,,,,,,,,,,
ch_uavs,CHALLENGE_UAVS,CHALLENGE_DESC_UAVS,CHALLENGE_LEVEL,,,50,2500,100,5000,1000,10000,,,,,,,,,,,,
ch_airstrikes,CHALLENGE_AIRSTRIKES,CHALLENGE_DESC_AIRSTRIKES,CHALLENGE_LEVEL,,,50,2500,100,5000,1000,10000,,,,,,,,,,,,
ch_helicopters,CHALLENGE_HELICOPTERS,CHALLENGE_DESC_HELICOPTERS,CHALLENGE_LEVEL,,,50,2500,100,5000,1000,10000,,,,,,,,,,,,
ch_airdrops,CHALLENGE_AIRDROPS,CHALLENGE_DESC_AIRDROPS,CHALLENGE_LEVEL,,,50,2500,100,5000,1000,10000,,,,,,,,,,,,
ch_grenadekill,CHALLENGE_GRENADE_KILL,CHALLENGE_KILL_N_ENEMIES_WITH_A_GRENADE,CHALLENGE_LEVEL,,,10,500,25,2500,50,5000,,,,,,,,,,,,
ch_claymoreshot,CHALLENGE_CLAYMORE_SHOT,CHALLENGE_KILL_5_ENEMIES_BY_USING,CHALLENGE_LEVEL,,,5,500,15,2500,30,5000,,,,,,,,,,,,
ch_jackinthebox,CHALLENGE_JACKINTHEBOX,CHALLENGE_DESC_JACKINTHEBOX,CHALLENGE_LEVEL,,,10,500,25,2500,50,5000,,,,,,,,,,,,
ch_carnie,CHALLENGE_CARNIE,CHALLENGE_DESC_CARNIE,CHALLENGE_LEVEL,,,5,500,15,2500,30,5000,,,,,,,,,,,,
ch_masterblaster,CHALLENGE_MASTERBLASTER,CHALLENGE_DESC_MASTERBLASTER,CHALLENGE_LEVEL,,,10,500,25,2500,50,5000,,,,,,,,,,,,
ch_bullseye,CHALLENGE_BULLSEYE,CHALLENGE_DESC_BULLSEYE,CHALLENGE_LEVEL,,,5,500,15,2500,30,5000,,,,,,,,,,,,
ch_c4shot,CHALLENGE_C4SHOT,CHALLENGE_DESC_C4SHOT,CHALLENGE_LEVEL,,,5,500,15,2500,30,5000,,,,,,,,,,,,
ch_didyouseethat,CHALLENGE_DIDYOUSEETHAT,CHALLENGE_DESC_DIDYOUSEETHAT,CHALLENGE_BLANK,,,1,1000,,,,,,,,,,,,,,,,
ch_darkbringer,CHALLENGE_DARKBRINGER,CHALLENGE_DESC_DARKBRINGER,CHALLENGE_BLANK,,,25,1000,,,,,,,,,,,,,,,,
ch_tacticaldeletion,CHALLENGE_TACTICALDELETION,CHALLENGE_DESC_TACTICALDELETION,CHALLENGE_BLANK,,,25,1000,,,,,,,,,,,,,,,,
ch_its_personal,CHALLENGE_ITS_PERSONAL,CHALLENGE_DESC_ITS_PERSONAL,CHALLENGE_BLANK,,,1,1000,,,,,,,,,,,,,,,,
ch_heads_up,CHALLENGE_HEADS_UP,CHALLENGE_DESC_HEADS_UP,CHALLENGE_BLANK,,,1,2500,,,,,,,,,,,,,,,,
ch_looknohands,CHALLENGE_LOOKNOHANDS,CHALLENGE_DESC_LOOKNOHANDS,CHALLENGE_LEVEL,,,50,2500,250,5000,500,10000,1000,10000,,,,,,,,,,
ch_predator,CHALLENGE_PREDATOR,CHALLENGE_DESC_PREDATOR,CHALLENGE_LEVEL,,,50,2500,250,5000,500,10000,1000,10000,,,,,,,,,,
ch_carpetbomber,CHALLENGE_CARPETBOMBER,CHALLENGE_DESC_CARPETBOMBER,CHALLENGE_LEVEL,,,50,2500,250,5000,500,10000,1000,10000,,,,,,,,,,
ch_yourefired,CHALLENGE_YOUREFIRED,CHALLENGE_DESC_YOUREFIRED,CHALLENGE_LEVEL,,,50,2500,250,5000,500,10000,1000,10000,,,,,,,,,,
ch_choppervet,CHALLENGE_CHOPPER_VETERAN,CHALLENGE_KILL_N_ENEMIES_BY_CALLING1,CHALLENGE_LEVEL,,,50,2500,250,5000,500,10000,1000,10000,,,,,,,,,,
ch_jollygreengiant,CHALLENGE_JOLLYGREENGIANT,CHALLENGE_DESC_JOLLYGREENGIANT,CHALLENGE_LEVEL,,,50,2500,250,5000,500,10000,1000,10000,,,,,,,,,,
ch_thespirit,CHALLENGE_THESPIRIT,CHALLENGE_DESC_THESPIRIT,CHALLENGE_LEVEL,,,50,2500,250,5000,500,10000,1000,10000,,,,,,,,,,
ch_cobracommander,CHALLENGE_COBRACOMMANDER,CHALLENGE_DESC_COBRACOMMANDER,CHALLENGE_LEVEL,,,50,2500,250,5000,500,10000,1000,10000,,,,,,,,,,
ch_spectre,CHALLENGE_SPECTRE,CHALLENGE_DESC_SPECTRE,CHALLENGE_LEVEL,,,50,2500,250,5000,500,10000,1000,10000,,,,,,,,,,
ch_droppincrates,CHALLENGE_DROPPINCRATES,CHALLENGE_DESC_DROPPINCRATES,CHALLENGE_BLANK,,,1,2500,,,,,,,,,,,,,,,,
ch_absentee,CHALLENGE_ABSENTEE,CHALLENGE_DESC_ABSENTEE,CHALLENGE_BLANK,,,1,2500,,,,,,,,,,,,,,,,
ch_dronekiller,CHALLENGE_DRONEKILLER,CHALLENGE_DESC_DRONEKILLER,CHALLENGE_BLANK,,,1,2500,,,,,,,,,,,,,,,,
ch_finishingtouch,CHALLENGE_FINISHINGTOUCH,CHALLENGE_DESC_FINISHINGTOUCH,CHALLENGE_BLANK,,,1,2500,,,,,,,,,,,,,,,,
ch_truelies,CHALLENGE_TRUELIES,CHALLENGE_DESC_TRUELIES,CHALLENGE_BLANK,,,1,2500,,,,,,,,,,,,,,,,
ch_og,CHALLENGE_OG,CHALLENGE_DESC_OG,CHALLENGE_BLANK,,,1,2500,,,,,,,,,,,,,,,,
ch_transformer,CHALLENGE_TRANSFORMER,CHALLENGE_DESC_TRANSFORMER,CHALLENGE_BLANK,,,1,2500,,,,,,,,,,,,,,,,
ch_technokiller,CHALLENGE_TECHNOKILLER,CHALLENGE_DESC_TECHNOKILLER,CHALLENGE_BLANK,,,1,2500,,,,,,,,,,,,,,,,
ch_hidef,CHALLENGE_HIDEF,CHALLENGE_DESC_HIDEF,CHALLENGE_BLANK,,,1,2500,,,,,,,,,,,,,,,,
ch_deathfromabove,CHALLENGE_DEATHFROMABOVE,CHALLENGE_DESC_DEATHFROMABOVE,CHALLENGE_BLANK,,,1,2500,,,,,,,,,,,,,,,,
ch_theedge,CHALLENGE_THE_EDGE,CHALLENGE_GET_THE_MATCH_WINNING_KILL_N_TIMES,CHALLENGE_LEVEL,,,5,2500,10,5000,20,10000,,,,,,,,,,,,
ch_unbelievable,CHALLENGE_UNBELIEVABLE,CHALLENGE_DESC_UNBELIEVABLE,CHALLENGE_BLANK,,,1,2500,,,,,,,,,,,,,,,,
ch_owned,CHALLENGE_OWNED,CHALLENGE_DESC_OWNED,CHALLENGE_BLANK,,,1,2500,,,,,,,,,,,,,,,,
ch_stickman,CHALLENGE_STICKMAN,CHALLENGE_DESC_STICKMAN,CHALLENGE_BLANK,,,1,2500,,,,,,,,,,,,,,,,
ch_lastresort,CHALLENGE_LAST_RESORT,CHALLENGE_DESC_LAST_RESORT,CHALLENGE_BLANK,,,1,2500,,,,,,,,,,,,,,,,
ch_ghillie,CHALLENGE_GHILLIE,CHALLENGE_DESC_GHILLIE,CHALLENGE_LEVEL,,,50,1000,100,2500,200,5000,,,,,,,,,,,,
ch_hotpotato,CHALLENGE_HOT_POTATO,CHALLENGE_KILL_N_ENEMIES_WITH_THROWN,CHALLENGE_LEVEL,,,5,3000,10,5000,,,,,,,,,,,,,,
ch_carbomb,CHALLENGE_CAR_BOMB,CHALLENGE_DESC_CAR_BOMB,CHALLENGE_LEVEL,,,5,3000,10,5000,,,,,,,,,,,,,,
ch_backstabber,CHALLENGE_BACKSTABBER,CHALLENGE_STAB_AN_ENEMY_IN_THE,CHALLENGE_BLANK,,,1,3000,,,,,,,,,,,,,,,,
ch_slowbutsure,CHALLENGE_SLOW_BUT_SURE,CHALLENGE_KILL_1_ENEMY_WHILE_BEING,CHALLENGE_BLANK,,,1,3000,,,,,,,,,,,,,,,,
ch_miserylovescompany,CHALLENGE_MISERY_LOVES_COMPANY,CHALLENGE_KILL_YOURSELF_AND_1_ENEMY,CHALLENGE_BLANK,,,1,3000,,,,,,,,,,,,,,,,
ch_ouch,CHALLENGE_OUCH,CHALLENGE_KILL_N_ENEMIES_WITH_A_RIFLEMOUNTED,CHALLENGE_BLANK,,,1,3000,,,,,,,,,,,,,,,,
ch_rival,CHALLENGE_RIVAL,CHALLENGE_KILL_THE_SAME_ENEMY_5,CHALLENGE_BLANK,,,1,3000,,,,,,,,,,,,,,,,
ch_cruelty,CHALLENGE_CRUELTY,CHALLENGE_KILL_AN_ENEMY_PICK_UP,CHALLENGE_BLANK,,,1,3000,,,,,,,,,,,,,,,,
ch_thinkfast,CHALLENGE_THINK_FAST,CHALLENGE_FINISH_AN_ENEMY_OFF_BY,CHALLENGE_BLANK,,,1,3000,,,,,,,,,,,,,,,,
ch_thinkfastconcussion,CHALLENGE_THINK_FAST_STUN,CHALLENGE_FINISH_AN_ENEMY_OFF_BY1,CHALLENGE_BLANK,,,1,3000,,,,,,,,,,,,,,,,
ch_thinkfastflash,CHALLENGE_THINK_FAST_FLASH,CHALLENGE_FINISH_AN_ENEMY_OFF_BY2,CHALLENGE_BLANK,,,1,3000,,,,,,,,,,,,,,,,
ch_returntosender,CHALLENGE_RETURN_TO_SENDER,CHALLENGE_KILL_AN_ENEMY_BY_SHOOTING,CHALLENGE_BLANK,,,1,3000,,,,,,,,,,,,,,,,
ch_blindfire,CHALLENGE_BLINDFIRE,CHALLENGE_KILL_AN_ENEMY_WHILE_YOU,CHALLENGE_BLANK,,,1,3000,,,,,,,,,,,,,,,,
ch_hardlanding,CHALLENGE_HARD_LANDING,CHALLENGE_KILL_AN_ENEMY_THAT_IS,CHALLENGE_BLANK,,,1,3000,,,,,,,,,,,,,,,,
ch_extremecruelty,CHALLENGE_EXTREME_CRUELTY,CHALLENGE_KILL_EVERY_MEMBER_OF1,CHALLENGE_BLANK,,,1,3000,,,,,,,,,,,,,,,,
ch_tangodown,CHALLENGE_TANGO_DOWN,CHALLENGE_KILL_EVERY_MEMBER_OF,CHALLENGE_BLANK,,,1,3000,,,,,,,,,,,,,,,,
ch_countermvp,CHALLENGE_COUNTERMVP,CHALLENGE_KILL_THE_1_PLAYER_ON,CHALLENGE_BLANK,,,1,3000,,,,,,,,,,,,,,,,
ch_goodbye,CHALLENGE_GOODBYE,CHALLENGE_FALL_30_FEET_OR_MORE,CHALLENGE_BLANK,,,1,500,,,,,,,,,,,,,,,,
ch_basejump,CHALLENGE_BASE_JUMP,CHALLENGE_FALL_15_FEET_OR_MORE,CHALLENGE_BLANK,,,1,750,,,,,,,,,,,,,,,,
ch_flyswatter,CHALLENGE_FLYSWATTER,CHALLENGE_SHOOT_DOWN_AN_ENEMY_HELICOPTER,CHALLENGE_BLANK,,,1,1000,,,,,,,,,,,,,,,,
ch_vandalism,CHALLENGE_VANDALISM,CHALLENGE_KILL_1_ENEMY_BY_DESTROYING,CHALLENGE_BLANK,,,1,750,,,,,,,,,,,,,,,,
ch_crouchshot,CHALLENGE_CROUCH_SHOT,CHALLENGE_KILL_N_ENEMIES_WHILE_CROUCHING,CHALLENGE_LEVEL,,,5,500,15,1000,30,2500,,,,,,,,,,,,
ch_proneshot,CHALLENGE_PRONE_SHOT,CHALLENGE_KILL_N_ENEMIES_WHILE_PRONE,CHALLENGE_LEVEL,,,5,500,15,1000,30,2500,,,,,,,,,,,,
ch_assists,CHALLENGE_POINT_GUARD,CHALLENGE_GET_N_ASSISTS,CHALLENGE_LEVEL,,,5,500,15,1000,30,2500,,,,,,,,,,,,
ch_xrayvision,CHALLENGE_XRAY_VISION,CHALLENGE_KILL_N_ENEMY_THROUGH,CHALLENGE_LEVEL,,,2,500,5,1000,15,2500,,,,,,,,,,,,
ch_backdraft,CHALLENGE_BACKDRAFT,CHALLENGE_DESTROY_N_ENEMY_EXPLOSIVES,CHALLENGE_LEVEL,,,2,500,5,1000,15,2500,,,,,,,,,,,,
ch_shieldvet,CHALLENGE_SHIELD_VETERAN,CHALLENGE_KILL_N_ENEMY_WITH_SHIELD,CHALLENGE_LEVEL,,,2,500,5,1000,15,2500,,,,,,,,,,,,
ch_smasher,CHALLENGE_SMASHER,CHALLENGE_GET_A_3_SHIELD_KILL_STREAK,CHALLENGE_BLANK,,,1,500,,,,,,,,,,,,,,,,
ch_backsmasher,CHALLENGE_BACKSMASHER,CHALLENGE_CRUSH_AN_ENEMY,CHALLENGE_BLANK,,,1,500,,,,,,,,,,,,,,,,
ch_shield_damage,CHALLENGE_SHIELD_DAMAGE,CHALLENGE_DESC_SHIELD_DAMAGE,CHALLENGE_LEVEL,,,1000,500,10000,1000,50000,2500,,,,,,,,,,,,
ch_shield_bullet,CHALLENGE_SHIELD_BULLET,CHALLENGE_DESC_SHIELD_BULLET,CHALLENGE_LEVEL,,,1000,500,10000,1000,50000,2500,,,,,,,,,,,,
ch_shield_explosive,CHALLENGE_SHIELD_EXPLOSIVE,CHALLENGE_DESC_SHIELD_EXPLOSIVE,CHALLENGE_LEVEL,,,10,500,50,1000,100,2500,,,,,,,,,,,,
ch_surgical_assault,CHALLENGE_SURGICAL_ASSAULT,CHALLENGE_DESC_SURGICAL_ASSAULT,CHALLENGE_BLANK,,,1,2000,,,,,,,,,,,,,,,,
ch_surgical_smg,CHALLENGE_SURGICAL_SMG,CHALLENGE_DESC_SURGICAL_SMG,CHALLENGE_BLANK,,,1,2000,,,,,,,,,,,,,,,,
ch_surgical_lmg,CHALLENGE_SURGICAL_LMG,CHALLENGE_DESC_SURGICAL_LMG,CHALLENGE_BLANK,,,1,2000,,,,,,,,,,,,,,,,
ch_surgical_sniper,CHALLENGE_SURGICAL_SNIPER,CHALLENGE_DESC_SURGICAL_SNIPER,CHALLENGE_BLANK,,,1,2000,,,,,,,,,,,,,,,,
ch_expert_assault,CHALLENGE_ASSAULT_EXPERT,CHALLENGE_KILL_N_ENEMIES_WITH_A1,CHALLENGE_LEVEL,,,5,2000,25,5000,50,10000,,,,,,,,,,,,
ch_expert_smg,CHALLENGE_SMG_EXPERT,CHALLENGE_KILL_N_ENEMIES_WITH_HEADSHOTS,CHALLENGE_LEVEL,,,5,2000,25,5000,50,10000,,,,,,,,,,,,
ch_expert_lmg,CHALLENGE_LMG_EXPERT,CHALLENGE_KILL_N_ENEMIES_WITH_HEADSHOTS1,CHALLENGE_LEVEL,,,5,2000,25,5000,50,10000,,,,,,,,,,,,
ch_multirpg,CHALLENGE_MULTIRPG,CHALLENGE_KILL_2_OR_MORE_ENEMIES,CHALLENGE_LEVEL,,,5,2000,25,5000,50,10000,,,,,,,,,,,,
ch_multiclaymore,CHALLENGE_CLAY_MORE,CHALLENGE_KILL_2_OR_MORE_ENEMIES1,CHALLENGE_LEVEL,,,5,2000,25,5000,50,10000,,,,,,,,,,,,
ch_multifrag,CHALLENGE_MULTIFRAG,CHALLENGE_KILL_2_OR_MORE_ENEMIES2,CHALLENGE_LEVEL,,,5,2000,25,5000,50,10000,,,,,,,,,,,,
ch_multic4,CHALLENGE_MULTIC4,CHALLENGE_KILL_2_OR_MORE_ENEMIES3,CHALLENGE_LEVEL,,,5,2000,25,5000,50,10000,,,,,,,,,,,,
ch_collateraldamage,CHALLENGE_COLLATERAL_DAMAGE,CHALLENGE_KILL_2_OR_MORE_ENEMIES4,CHALLENGE_BLANK,,,1,2000,,,,,,,,,,,,,,,,
ch_flawless,CHALLENGE_FLAWLESS,CHALLENGE_PLAY_AN_ENTIRE_FULLLENGTH,CHALLENGE_BLANK,,,1,2000,,,,,,,,,,,,,,,,
ch_fearless,CHALLENGE_FEARLESS,CHALLENGE_KILL_10_ENEMIES_IN_A,CHALLENGE_BLANK,,,1,2000,,,,,,,,,,,,,,,,
ch_grouphug,CHALLENGE_GROUPHUG,CHALLENGE_DESC_GROUPHUG,CHALLENGE_BLANK,,,1,2000,,,,,,,,,,,,,,,,
ch_nbk,CHALLENGE_NBK,CHALLENGE_DESC_NBK,CHALLENGE_BLANK,,,1,2000,,,,,,,,,,,,,,,,
ch_allpro,CHALLENGE_ALLPRO,CHALLENGE_DESC_ALLPRO,CHALLENGE_BLANK,,,1,2000,,,,,,,,,,,,,,,,
ch_airborne,CHALLENGE_AIRBORNE,CHALLENGE_GET_A_2_KILL_STREAK_WHILE,CHALLENGE_BLANK,,,1,2000,,,,,,,,,,,,,,,,
ch_moneyshot,CHALLENGE_MONEYSHOT,CHALLENGE_DESC_MONEYSHOT,CHALLENGE_BLANK,,,1,3500,,,,,,,,,,,,,,,,
ch_robinhood,CHALLENGE_ROBINHOOD,CHALLENGE_DESC_ROBINHOOD,CHALLENGE_LEVEL,,,5,3500,25,10000,,,,,,,,,,,,,,
ch_bangforbuck,CHALLENGE_BANGFORBUCK,CHALLENGE_DESC_BANGFORBUCK,CHALLENGE_LEVEL,,,5,3500,25,10000,,,,,,,,,,,,,,
ch_overdraft,CHALLENGE_OVERDRAFT,CHALLENGE_DESC_OVERDRAFT,CHALLENGE_BLANK,,,1,3500,,,,,,,,,,,,,,,,
ch_identitytheft,CHALLENGE_IDENTITYTHEFT,CHALLENGE_DESC_IDENTITYTHEFT,CHALLENGE_BLANK,,,1,3500,,,,,,,,,,,,,,,,
ch_atm,CHALLENGE_ATM,CHALLENGE_DESC_ATM,CHALLENGE_BLANK,,,1,3500,,,,,,,,,,,,,,,,
ch_timeismoney,CHALLENGE_TIMEISMONEY,CHALLENGE_DESC_TIMEISMONEY,CHALLENGE_LEVEL,,,5,3500,25,10000,,,,,,,,,,,,,,
ch_iamrich,CHALLENGE_IAMRICH,CHALLENGE_DESC_IAMRICH,CHALLENGE_LEVEL,,,5,3500,25,10000,,,,,,,,,,,,,,
ch_breakbank,CHALLENGE_BREAKBANK,CHALLENGE_DESC_BREAKBANK,CHALLENGE_BLANK,,,1,3500,,,,,,,,,,,,,,,,
ch_colorofmoney,CHALLENGE_COLOROFMONEY,CHALLENGE_DESC_COLOROFMONEY,CHALLENGE_LEVEL,,,5,3500,25,10000,,,,,,,,,,,,,,
ch_neverforget,CHALLENGE_NEVERFORGET,CHALLENGE_DESC_NEVERFORGET,CHALLENGE_BLANK,,,1,3500,,,,,,,,,,,,,,,,
ch_thebrink,CHALLENGE_THE_BRINK,CHALLENGE_GET_A_3_OR_MORE_KILL,CHALLENGE_BLANK,,,1,4500,,,,,,,,,,,,,,,,
ch_fastswap,CHALLENGE_FAST_SWAP,CHALLENGE_HURT_AN_ENEMY_WITH_A,CHALLENGE_BLANK,,,1,4500,,,,,,,,,,,,,,,,
ch_starplayer,CHALLENGE_STAR_PLAYER,CHALLENGE_PLAY_AN_ENTIRE_MATCH,CHALLENGE_BLANK,,,1,4500,,,,,,,,,,,,,,,,
ch_howthe,CHALLENGE_HOW_THE_,CHALLENGE_KILL_AN_ENEMY_BY_USING,CHALLENGE_BLANK,,,1,4500,,,,,,,,,,,,,,,,
ch_dominos,CHALLENGE_DOMINOS,CHALLENGE_KILL_AN_ENEMY_BY_SETTING,CHALLENGE_BLANK,,,1,4500,,,,,,,,,,,,,,,,
ch_masterchef,CHALLENGE_MASTER_CHEF,CHALLENGE_KILL_N_ENEMIES_WITH_COOKED,CHALLENGE_LEVEL,,,5,2500,10,5000,20,10000,,,,,,,,,,,,
ch_invincible,CHALLENGE_INVINCIBLE,CHALLENGE_GET_5_HEALTH_REGENERATIONS,CHALLENGE_BLANK,,,1,4500,,,,,,,,,,,,,,,,
ch_survivalist,CHALLENGE_SURVIVALIST,CHALLENGE_SURVIVE_FOR_5_CONSECUTIVE,CHALLENGE_BLANK,,,1,4500,,,,,,,,,,,,,,,,
ch_counterclaymore,CHALLENGE_COUNTERCLAYMORE,CHALLENGE_KILL_N_ENEMIES_BY_SHOOTING,CHALLENGE_LEVEL,,,3,2500,10,5000,20,10000,,,,,,,,,,,,
ch_counterc4,CHALLENGE_COUNTERC4,CHALLENGE_KILL_N_ENEMIES_BY_SHOOTING1,CHALLENGE_LEVEL,,,3,2500,10,5000,20,10000,,,,,,,,,,,,
ch_enemyofthestate,CHALLENGE_ENEMYOFTHESTATE,CHALLENGE_DESC_ENEMYOFTHESTATE,CHALLENGE_BLANK,,,1,4500,,,,,,,,,,,,,,,,
ch_resourceful,CHALLENGE_RESOURCEFUL,CHALLENGE_DESC_RESOURCEFUL,CHALLENGE_BLANK,,,1,4500,,,,,,,,,,,,,,,,
ch_survivor,CHALLENGE_SURVIVOR,CHALLENGE_DESC_SURVIVOR,CHALLENGE_BLANK,,,1,4500,,,,,,,,,,,,,,,,
ch_bothbarrels,CHALLENGE_BOTHBARRELS,CHALLENGE_DESC_BOTHBARRELS,CHALLENGE_BLANK,,,1,4500,,,,,,,,,,,,,,,,
ch_omnicide,CHALLENGE_OMNICIDE,CHALLENGE_DESC_OMNICIDE,CHALLENGE_BLANK,,,1,5000,,,,,,,,,,,,,,,,
ch_wargasm,CHALLENGE_WARGASM,CHALLENGE_DESC_WARGASM,CHALLENGE_BLANK,,,1,3500,,,,,,,,,,,,,,,,
ch_thebiggertheyare,CHALLENGE_THEBIGGERTHEYARE,CHALLENGE_DESC_THEBIGGERTHEYARE,CHALLENGE_BLANK,,,1,2500,,,,,,,,,,,,,,,,
ch_thehardertheyfall,CHALLENGE_THEHARDERTHEYFALL,CHALLENGE_DESC_THEHARDERTHEYFALL,CHALLENGE_BLANK,,,1,5000,,,,,,,,,,,,,,,,
ch_crabmeat,CHALLENGE_CRABMEAT,CHALLENGE_DESC_CRABMEAT,CHALLENGE_BLANK,,,1,7500,,,,,,,,,,,,,,,,
ch_wopr,CHALLENGE_WOPR,CHALLENGE_DESC_WOPR,CHALLENGE_BLANK,,,1,10000,,,,,,,,,,,,,,,,
ch_thedenier,CHALLENGE_THEDENIER,CHALLENGE_DESC_THEDENIER,CHALLENGE_BLANK,,,1,5000,,,,,,,,,,,,,,,,
ch_carpetbomb,CHALLENGE_CARPET_BOMB,CHALLENGE_KILL_5_ENEMIES_WITH_A3,CHALLENGE_BLANK,,,1,5000,,,,,,,,,,,,,,,,
ch_redcarpet,CHALLENGE_RED_CARPET,CHALLENGE_DESC_RED_CARPET,CHALLENGE_BLANK,,,1,5000,,,,,,,,,,,,,,,,
ch_reaper,CHALLENGE_REAPER,CHALLENGE_DESC_REAPER,CHALLENGE_BLANK,,,1,5000,,,,,,,,,,,,,,,,
ch_nosecrets,CHALLENGE_NO_SECRETS,CHALLENGE_CALL_IN_A_UAV_3_TIMES,CHALLENGE_BLANK,,,1,2500,,,,,,,,,,,,,,,,
ch_sunblock,CHALLENGE_SUNBLOCK,CHALLENGE_DESC_SUNBLOCK,CHALLENGE_BLANK,,,1,2500,,,,,,,,,,,,,,,,
ch_afterburner,CHALLENGE_AFTERBURNER,CHALLENGE_CALL_IN_AN_AIRSTRIKE,CHALLENGE_BLANK,,,1,2500,,,,,,,,,,,,,,,,
ch_airsuperiority,CHALLENGE_AIR_SUPERIORITY,CHALLENGE_CALL_IN_A_HELICOPTER,CHALLENGE_BLANK,,,1,2500,,,,,,,,,,,,,,,,
ch_mgmaster,CHALLENGE_MG_MASTER,CHALLENGE_GET_A_5_KILL_STREAK_WHILE,CHALLENGE_BLANK,,,1,2500,,,,,,,,,,,,,,,,
ch_slasher,CHALLENGE_SLASHER,CHALLENGE_GET_A_3_MELEE_KILL_STREAK,CHALLENGE_BLANK,,,1,3500,,,,,,,,,,,,,,,,
ch_radiationsickness,CHALLENGE_RADIATIONSICKNESS,CHALLENGE_DESC_RADIATIONSICKNESS,CHALLENGE_BLANK,,,1,1500,,,,,,,,,,,,,,,,
ch_infected,CHALLENGE_INFECTED,CHALLENGE_DESC_INFECTED,CHALLENGE_BLANK,,,1,1000,,,,,,,,,,,,,,,,
ch_plague,CHALLENGE_PLAGUE,CHALLENGE_DESC_PLAGUE,CHALLENGE_BLANK,,,1,1000,,,,,,,,,,,,,,,,
ch_renaissance,CHALLENGE_RENAISSANCE,CHALLENGE_DESC_RENAISSANCE,CHALLENGE_BLANK,,,1,1000,,,,,,,,,,,,,,,,
ch_theloner,CHALLENGE_THELONER,CHALLENGE_DESC_THELONER,CHALLENGE_BLANK,,,1,2500,,,,,,,,,,,,,,,,
ch_6fears7,CHALLENGE_6FEARS7,CHALLENGE_DESC_6FEARS7,CHALLENGE_BLANK,,,1,1500,,,,,,,,,,,,,,,,
ch_thenumb,CHALLENGE_THENUMB,CHALLENGE_DESC_THENUMB,CHALLENGE_BLANK,,,1,1000,,,,,,,,,,,,,,,,
ch_martyr,CHALLENGE_MARTYR,CHALLENGE_DESC_MARTYR,CHALLENGE_BLANK,,,1,1000,,,,,,,,,,,,,,,,
ch_livingdead,CHALLENGE_LIVINGDEAD,CHALLENGE_DESC_LIVINGDEAD,CHALLENGE_BLANK,,,1,1000,,,,,,,,,,,,,,,,
ch_sidekick,CHALLENGE_SIDEKICK,CHALLENGE_DESC_SIDEKICK,CHALLENGE_BLANK,,,1,1000,,,,,,,,,,,,,,,,
ch_clickclickboom,CHALLENGE_CLICKCLICKBOOM,CHALLENGE_DESC_CLICKCLICKBOOM,CHALLENGE_BLANK,,,1,1000,,,,,,,,,,,,,,,,
ch_hijacker,CHALLENGE_HIJACKER,CHALLENGE_DESC_HIJACKER,CHALLENGE_LEVEL,,,10,2500,50,5000,200,10000,,,,,,,,,,,,
ch_no,CHALLENGE_NO,CHALLENGE_DESC_NO,CHALLENGE_BLANK,,,1,1000,,,,,,,,,,,,,,,,
ch_avenger,CHALLENGE_AVENGER,CHALLENGE_DESC_AVENGER,CHALLENGE_BLANK,,,1,1000,,,,,,,,,,,,,,,,
ch_victor_dm,CHALLENGE_FREEFORALL_VICTOR,CHALLENGE_PLACE_IN_THE_TOP_3_IN,CHALLENGE_LEVEL,,,3,500,5,1000,10,2500,,,,,,,,,,,,
ch_teamplayer,CHALLENGE_TEAM_PLAYER,CHALLENGE_WIN_N_TEAM_DEATHMATCH,CHALLENGE_LEVEL,,,5,500,15,1000,30,2500,,,,,,,,,,,,
ch_victor_sd,CHALLENGE_SD_VICTOR,CHALLENGE_WIN_N_SEARCH_AND_DESTROY,CHALLENGE_LEVEL,,,5,500,15,1000,30,2500,,,,,,,,,,,,
ch_mvp_tdm,CHALLENGE_MVP_TEAM_DEATHMATCH,CHALLENGE_PLAY_TEAM_DEATHMATCH,CHALLENGE_BLANK,,,1,1000,,,,,,,,,,,,,,,,
ch_teamplayer_hc,CHALLENGE_HARDCORE_TEAM_PLAYER,CHALLENGE_WIN_N_HARDCORE_TEAM_DEATHMATCH,CHALLENGE_LEVEL,,,1,500,5,1000,15,2500,,,,,,,,,,,,
ch_victor_sab,CHALLENGE_SABOTAGE_VICTOR,CHALLENGE_WIN_N_SABOTAGE_MATCHES,CHALLENGE_LEVEL,,,5,500,20,1000,50,2500,,,,,,,,,,,,
ch_mvp_thc,CHALLENGE_MVP_TEAM_HARDCORE,CHALLENGE_WIN_A_TEAM_HARDCORE_MATCH,CHALLENGE_BLANK,,,1,1000,,,,,,,,,,,,,,,,
ch_bombdown,CHALLENGE_BOMB_DOWN,CHALLENGE_KILL_THE_BOMB_CARRIER,CHALLENGE_BLANK,,,1,1000,,,,,,,,,,,,,,,,
ch_bombdefender,CHALLENGE_BOMB_DEFENDER,CHALLENGE_KILL_A_BOMB_DEFUSER_IN,CHALLENGE_LEVEL,,,3,500,10,1000,,,,,,,,,,,,,,
ch_bombplanter,CHALLENGE_BOMB_PLANTER,CHALLENGE_KILL_A_BOMB_PLANTER_IN,CHALLENGE_LEVEL,,,3,500,10,1000,,,,,,,,,,,,,,
ch_hero,CHALLENGE_DEFUSER,CHALLENGE_DEFUSE_A_BOMB_IN_SABOTAGE,CHALLENGE_LEVEL,,,2,500,10,1000,,,,,,,,,,,,,,
ch_lastmanstanding,CHALLENGE_LAST_MAN_STANDING,CHALLENGE_BE_THE_LAST_MAN_STANDING,CHALLENGE_BLANK,,,1,1000,,,,,,,,,,,,,,,,
ch_saboteur,CHALLENGE_SABOTEUR,CHALLENGE_DESC_SABOTEUR,CHALLENGE_LEVEL,,,2,500,10,1000,,,,,,,,,,,,,,
ch_knifevet,CHALLENGE_KNIFE_VETERAN,CHALLENGE_KILL_N_ENEMY_WITH_THE,CHALLENGE_LEVEL,,,10,2500,50,5000,100,10000,250,5000,,,,,,,,,,
ch_laststandvet,CHALLENGE_LAST_STAND_VETERAN,CHALLENGE_KILL_N_ENEMY_WHILE_USING,CHALLENGE_LEVEL,,,5,2500,15,5000,50,10000,100,5000,,,,,,,,,,
ch_stealth,CHALLENGE_STEALTH,CHALLENGE_KILL_N_ENEMIES_SILENCED,CHALLENGE_LEVEL,,,10,2500,25,5000,50,10000,1000,5000,,,,,,,,,,
ch_concussionvet,CHALLENGE_STUN_VETERAN,CHALLENGE_KILL_N_ENEMIES_STILL,CHALLENGE_LEVEL,,,20,2500,75,5000,150,10000,300,5000,,,,,,,,,,
ch_flashbangvet,CHALLENGE_FLASHBANG_VETERAN,CHALLENGE_KILL_N_ENEMIES_DAZED,CHALLENGE_LEVEL,,,20,2500,75,5000,150,10000,300,5000,,,,,,,,,,
