headshot,SPLASHES_HEADSHOT,SPLASHES_HEADSHOT_DESC,crosshair_red,1.5,0.75,0.25,0.25,1,mp_last_stand,dummy,splash
assistedsuicide,SPLASHES_ASSISTEDSUICIDE,SPLASHES_ASSISTEDSUICIDE_DESC,,1.5,0.75,0.25,0.25,1,mp_last_stand,,splash
longshot,SPLASHES_LONGSHOT,SPLASHES_LONGSHOT_DESC,crosshair_red,1.5,0.75,0.25,0.25,1,mp_last_stand,,splash
execution,SPLASHES_EXECUTION,SPLASHES_EXECUTION_DESC,crosshair_red,1.5,0.75,0.25,0.25,1,mp_last_stand,,splash
avenger,SPLASHES_AVENGER,SPLASHES_AVENGER_DESC,,1.5,0.75,0.25,0.25,1,mp_last_stand,,splash
defender,SPLASHES_DEFENDER,SPLASHES_DEFENDER_DESC,,1.5,0.75,0.25,0.25,1,mp_last_stand,,splash
posthumous,SPLASHES_POSTHUMOUS,SPLASHES_POSTHUMOUS_DESC,,1.5,0.75,0.25,0.25,1,mp_last_stand,,splash
revenge,SPLASHES_REVENGE,SPLASHES_REVENGE_DESC,,1.5,0.75,0.25,0.25,1,mp_last_stand,,splash
doublekill,SPLASHES_DOUBLEKILL,SPLASHES_DOUBLEKILL_DESC,,1.5,0.75,0.25,0.25,1,mp_last_stand,,splash
triplekill,SPLASHES_TRIPLEKILL,SPLASHES_TRIPLEKILL_DESC,,1.5,0.75,0.25,0.25,1,mp_last_stand,,splash
multikill,SPLASHES_MULTIKILL,SPLASHES_MULTIKILL_DESC,,1.5,0.75,0.25,0.25,1,mp_last_stand,,splash
firstblood,SPLASHES_FIRSTBLOOD,SPLASHES_FIRSTBLOOD_DESC,crosshair_red,1.5,0.75,0.25,0.25,1,mp_last_stand,,splash
buzzkill,SPLASHES_BUZZKILL,SPLASHES_BUZZKILL_DESC,,1.5,0.75,0.25,0.25,1,mp_last_stand,,splash
comeback,SPLASHES_COMEBACK,SPLASHES_COMEBACK_DESC,,1.5,0.75,0.25,0.25,1,mp_last_stand,,splash
flagreturn,SPLASHES_FLAGRETURN,SPLASHES_FLAGRETURN_DESC,,1.5,0.75,0.25,0.25,1,mp_last_stand,,splash
flagpickup,SPLASHES_FLAGPICKUP,SPLASHES_FLAGPICKUP_DESC,,1.5,0.75,0.25,0.25,1,mp_last_stand,,splash
shield_assist,SPLASHES_SHIELDASSIST,SPLASHES_SHIELDASSIST_DESC,,1.5,0.75,0.25,0.25,1,mp_last_stand,,splash
time_added,SPLASHES_TIME_ADDED,SPLASHES_TIME_ADDED_DESC,,4,1,0.8,0.4,1,mp_last_stand,,splash
uav,MP_KILLSTREAK_N,MP_EARNED_UAV,,2.5,0.25,0.75,0.25,1,mp_killstreak_radar,uavrecon,killstreak
airstrike,MP_KILLSTREAK_N,MP_EARNED_AIRSTRIKE,,2.5,0.25,0.75,0.25,1,mp_killstreak_jet,airstrike,killstreak
helicopter,MP_KILLSTREAK_N,MP_EARNED_HELICOPTER,,2.5,0.25,0.75,0.25,1,mp_killstreak_heli,helisupport,killstreak
helicopter_minigun,MP_KILLSTREAK_N,MP_EARNED_HELICOPTER_MINIGUN,,2.5,0.25,0.75,0.25,1,mp_killstreak_heli,achieve_heli_mg,killstreak
helicopter_mk19,MP_KILLSTREAK_N,MP_EARNED_HELICOPTER_MK19,,2.5,0.25,0.75,0.25,1,mp_killstreak_heli,achieve_heli_gl,killstreak
helicopter_blackbox,MP_KILLSTREAK_N,MP_EARNED_HELICOPTER_BLACKBOX,,2.5,0.25,0.75,0.25,1,mp_killstreak_heli,helisupport,killstreak
helicopter_flares,MP_KILLSTREAK_N,MP_EARNED_HELICOPTER_FLARES,,2.5,0.25,0.75,0.25,1,mp_killstreak_heli,helisupport,killstreak
ac130,MP_KILLSTREAK_N,MP_EARNED_AC130,,2.5,0.25,0.75,0.25,1,mp_killstreak_jet,achieve_ac130,killstreak
predator_missile,MP_KILLSTREAK_N,MP_EARNED_PREDATOR_MISSILE,,2.5,0.25,0.75,0.25,1,mp_killstreak_jet,achieve_missile,killstreak
nuke,MP_KILLSTREAK_N,MP_EARNED_NUKE,,2.5,0.25,0.75,0.25,1,mp_killstreak_heli,achieve_nuke,killstreak
double_uav,MP_KILLSTREAK_N,MP_EARNED_DOUBLE_UAV,,2.5,0.25,0.75,0.25,1,mp_killstreak_radar,achieve_a_uav,killstreak
auto_shotgun,MP_KILLSTREAK_N,MP_EARNED_AUTO_SHOTGUN,,2.5,0.25,0.75,0.25,1,mp_killstreak_heli,achieve_autoshotgun,killstreak
precision_airstrike,MP_KILLSTREAK_N,MP_EARNED_PRECISION_AIRSTRIKE,,2.5,0.25,0.75,0.25,1,mp_killstreak_jet,achieve_p_airstrike,killstreak
stealth_airstrike,MP_KILLSTREAK_N,MP_EARNED_STEALTH_AIRSTRIKE,,2.5,0.25,0.75,0.25,1,mp_killstreak_jet,airstrike,killstreak
harrier_airstrike,MP_KILLSTREAK_N,MP_EARNED_HARRIER_AIRSTRIKE,,2.5,0.25,0.75,0.25,1,mp_killstreak_jet,airstrike,killstreak
super_airstrike,MP_KILLSTREAK_N,MP_EARNED_SUPER_AIRSTRIKE,,2.5,0.25,0.75,0.25,1,mp_killstreak_jet,airstrike,killstreak
counter_uav,MP_KILLSTREAK_N,MP_EARNED_COUNTER_UAV,,2.5,0.25,0.75,0.25,1,mp_killstreak_radar,achieve_c_uav,killstreak
sentry,MP_KILLSTREAK_N,MP_EARNED_AUTO_SENTRY,,2.5,0.25,0.75,0.25,1,mp_killstreak_radar,achieve_sentrygun,killstreak
sentry_gl,MP_KILLSTREAK_N,MP_EARNED_AUTO_SENTRY_GL,,2.5,0.25,0.75,0.25,1,mp_killstreak_radar,achieve_sentry_gl,killstreak
thumper,MP_KILLSTREAK_N,MP_EARNED_THUMPER,,2.5,0.25,0.75,0.25,1,mp_killstreak_heli,achieve_thumper,killstreak
airdrop,MP_KILLSTREAK_N,MP_EARNED_AIRDROP,,2.5,0.25,0.75,0.25,1,mp_killstreak_jet,uavrecon,killstreak
tank,MP_KILLSTREAK_N,MP_EARNED_TANK,,2.5,0.25,0.75,0.25,1,mp_killstreak_jet,achieve_tank,killstreak
emp,MP_KILLSTREAK_N,MP_EARNED_EMP,,2.5,0.25,0.75,0.25,1,mp_killstreak_jet,achieve_tank,killstreak
airdrop_sentry_minigun,MP_KILLSTREAK_N,MP_EARNED_SENTRY_AIRDROP,,2.5,0.25,0.75,0.25,1,mp_killstreak_jet,uavrecon,killstreak
airdrop_predator_missile,MP_KILLSTREAK_N,MP_EARNED_PREDATOR_AIRDROP,,2.5,0.25,0.75,0.25,1,mp_killstreak_jet,uavrecon,killstreak
littlebird_support,MP_KILLSTREAK_N,MP_EARNED_LITTLEBIRD_SUPPORT,,2.5,0.25,0.75,0.25,1,mp_killstreak_jet,uavrecon,killstreak
airdrop_mega,MP_KILLSTREAK_N,MP_EARNED_AIRDROP_MEGA,,2.5,0.25,0.75,0.25,1,mp_killstreak_jet,uavrecon,killstreak
uav_pickup,KILLSTREAKS_UAV,MP_EARNED_UAV,specialty_uav,2.5,0.25,0.75,0.25,1,mp_killstreak_radar,uavrecon,killstreak_pickup
helicopter_pickup,KILLSTREAKS_HELICOPTER,MP_EARNED_HELICOPTER,specialty_helicopter_support,2.5,0.25,0.75,0.25,1,mp_killstreak_heli,helisupport,killstreak_pickup
helicopter_minigun_pickup,KILLSTREAKS_HELICOPTER_MINIGUN,MP_EARNED_HELICOPTER_MINIGUN,specialty_cobra_gunner,2.5,0.25,0.75,0.25,1,mp_killstreak_heli,achieve_heli_mg,killstreak_pickup
helicopter_flares_pickup,KILLSTREAKS_PAVELOW,MP_EARNED_HELICOPTER_FLARES,specialty_helicopter_flares,2.5,0.25,0.75,0.25,1,mp_killstreak_heli,helisupport,killstreak_pickup
ac130_pickup,KILLSTREAKS_AC130,MP_EARNED_AC130,specialty_ac130,2.5,0.25,0.75,0.25,1,mp_killstreak_jet,achieve_ac130,killstreak_pickup
predator_missile_pickup,KILLSTREAKS_PREDATOR_MISSILE,MP_EARNED_PREDATOR_MISSILE,specialty_predator_missile,2.5,0.25,0.75,0.25,1,mp_killstreak_jet,achieve_missile,killstreak_pickup
nuke_pickup,KILLSTREAKS_TACTICAL_NUKE,MP_EARNED_NUKE,specialty_nuke,2.5,0.25,0.75,0.25,1,mp_killstreak_heli,achieve_nuke,killstreak_pickup
precision_airstrike_pickup,KILLSTREAKS_PRECISION_AIRSTRIKE,MP_EARNED_PRECISION_AIRSTRIKE,specialty_precision_airstrike,2.5,0.25,0.75,0.25,1,mp_killstreak_jet,achieve_p_airstrike,killstreak_pickup
stealth_airstrike_pickup,KILLSTREAKS_STEALTH_AIRSTRIKE,MP_EARNED_STEALTH_AIRSTRIKE,specialty_stealth_bomber,2.5,0.25,0.75,0.25,1,mp_killstreak_jet,airstrike,killstreak_pickup
harrier_airstrike_pickup,KILLSTREAKS_HARRIER_AIRSTRIKE,MP_EARNED_HARRIER_AIRSTRIKE,specialty_harrier_strike,2.5,0.25,0.75,0.25,1,mp_killstreak_jet,airstrike,killstreak_pickup
counter_uav_pickup,KILLSTREAKS_COUNTER_UAV,MP_EARNED_COUNTER_UAV,specialty_counter_uav,2.5,0.25,0.75,0.25,1,mp_killstreak_radar,achieve_c_uav,killstreak_pickup
sentry_pickup,KILLSTREAKS_SENTRY,MP_EARNED_AUTO_SENTRY,specialty_airdrop_sentry_minigun,2.5,0.25,0.75,0.25,1,mp_killstreak_radar,achieve_sentrygun,killstreak_pickup
airdrop_pickup,KILLSTREAKS_AIRDROP,MP_EARNED_AIRDROP,specialty_carepackage,2.5,0.25,0.75,0.25,1,mp_killstreak_jet,uavrecon,killstreak_pickup
emp_pickup,KILLSTREAKS_EMP,MP_EARNED_EMP,specialty_emp,2.5,0.25,0.75,0.25,1,mp_killstreak_jet,achieve_tank,killstreak_pickup
airdrop_sentry_minigun_pickup,KILLSTREAKS_AIRDROP_SENTRY,MP_EARNED_SENTRY_AIRDROP,specialty_airdrop_sentry_minigun,2.5,0.25,0.75,0.25,1,mp_killstreak_jet,uavrecon,killstreak_pickup
airdrop_mega_pickup,KILLSTREAKS_AIRDROP_MEGA,MP_EARNED_AIRDROP_MEGA,specialty_carepackage,2.5,0.25,0.75,0.25,1,mp_killstreak_jet,uavrecon,killstreak_pickup
caused_defcon,MP_CAUSED_DEFCON,MP_EARNED_MEGADROP,,2.5,0.25,0.75,0.25,1,mp_killstreak_jet,uavrecon,killstreak_pickup
captured_nuke,SPLASHES_CAPTURED_NUKE,SPLASHES_DESC_CAPTURED_NUKE,,1.5,0.75,0.25,0.25,1,mp_last_stand,,splash
capture,SPLASHES_CAPTURE,SPLASHES_CAPTURE_DESC,,1.5,0.75,0.25,0.25,1,mp_last_stand,,splash
defend,SPLASHES_DEFEND,SPLASHES_DEFEND_DESC,,1.5,0.75,0.25,0.25,1,mp_last_stand,,splash
assault,SPLASHES_ASSAULT,SPLASHES_ASSAULT_DESC,,1.5,0.75,0.25,0.25,1,mp_last_stand,,splash
flag_capture,SPLASHES_FLAG_CAPTURED,SPLASHES_FLAG_CAPTURED_DESC,,1.5,0.75,0.25,0.25,1,mp_last_stand,,splash
flag_defend,SPLASHES_FLAG_DEFEND,SPLASHES_FLAG_DEFEND_DESC,,1.5,0.75,0.25,0.25,1,mp_last_stand,,splash
flag_assault,SPLASHES_FLAG_ASSAULT,SPLASHES_FLAG_ASSAULT_DESC,,1.5,0.75,0.25,0.25,1,mp_last_stand,,splash
plant,SPLASHES_PLANT,SPLASHES_PLANT_DESC,,1.5,0.75,0.25,0.25,1,mp_last_stand,,splash
defuse,SPLASHES_DEFUSE,SPLASHES_DEFUSE_DESC,,1,0.75,0.25,0.25,1,mp_last_stand,,splash
sab_overtime,SPLASHES_SAB_OVERTIME,SPLASHES_SAB_OVERTIME_DESC,,3,0.75,0.25,0.25,1,mp_last_stand,,splash
gtnw_overtime,SPLASHES_GTNW_OVERTIME,SPLASHES_GTNW_OVERTIME_DESC,,3,0.75,0.25,0.25,1,mp_last_stand,,splash
specialty_grenadepulldeath,PERKS_MARTYRDOM,SPLASHES_MARTYRDOM_DESC,specialty_grenadepulldeath,2.5,0.75,0.25,0.25,1,mp_last_stand,,splash
specialty_finalstand,PERKS_FINALSTAND,SPLASHES_FINALSTAND_DESC,specialty_finalstand,2.5,0.75,0.25,0.25,1,mp_last_stand,,splash
specialty_combathigh,PERKS_COMBATHIGH,SPLASHES_COMBATHIGH_DESC,specialty_painkiller,2.5,0.75,0.25,0.25,1,mp_last_stand,,splash
specialty_endgame,PERKS_ENDGAME,SPLASHES_ENDGAME_DESC,specialty_endgame,2.5,0.75,0.25,0.25,1,mp_last_stand,,splash
specialty_c4death,PERKS_C4DEATH,SPLASHES_C4DEATH_DESC,specialty_c4_death,2.5,0.75,0.25,0.25,1,mp_last_stand,,splash
specialty_copycat,PERKS_COPYCAT,SPLASHES_COPYCAT_DESC,specialty_copycat,2.5,0.75,0.25,0.25,1,mp_last_stand,,splash
sudden_death,MP_SUDDEN_DEATH,MP_NO_RESPAWN,,3,0.75,0.25,0.25,1,mp_last_stand,,splash
knifethrow,SPLASHES_KNIFETHROW,SPLASHES_KNIFETHROW_DESC,crosshair_red,1.5,0.75,0.25,0.25,1,mp_last_stand,,splash
stuck_semtex,SPLASHES_STUCK_SEMTEX,SPLASHES_STUCK_SEMTEX_DESC,crosshair_red,1.5,0.75,0.25,0.25,1,mp_last_stand,,splash
hijacker,SPLASHES_HIJACKER,SPLASHES_HIJACKER_DESC,,2.5,0.75,0.25,0.25,1,mp_last_stand,,splash
sharepackage,SPLASHES_SHAREPACKAGE,SPLASHES_SHAREPACKAGE_DESC,,2.5,0.75,0.25,0.25,1,mp_last_stand,,splash
rested,SPLASHES_RESTED,SPLASHES_RESTED_DESC,,4,1,0.4,0,1,mp_bonus_start,,splash
rested_done,SPLASHES_RESTED_DONE,SPLASHES_RESTED_DONE_DESC,,2.5,1,0.4,0,1,mp_bonus_end,,splash
semtex_stuck,SPLASHES_SEMTEX_STUCK,SPLASHES_SEMTEX_STUCK,,2.5,0.6,0.6,1,1,mp_defcon_down,,playercard_splash
hijacked_airdrop,SPLASHES_HIJACKED_AIRDROP,SPLASHES_HIJACKED_AIRDROP,,2.5,0.6,0.6,1,1,mp_defcon_down,,playercard_splash
hijacked_sentry,SPLASHES_HIJACKED_SENTRY,SPLASHES_HIJACKED_SENTRY,,2.5,0.6,0.6,1,1,mp_defcon_down,,playercard_splash
giveaway_airdrop,SPLASHES_GIVEAWAY_AIRDROP,SPLASHES_GIVEAWAY_AIRDROP,,2.5,0.6,0.6,1,1,mp_bonus_start,,playercard_splash
giveaway_sentry,SPLASHES_GIVEAWAY_SENTRY,SPLASHES_GIVEAWAY_SENTRY,,2.5,0.6,0.6,1,1,mp_bonus_start,,playercard_splash
hijacked_emergency_airdrop,SPLASHES_HIJACKED_EMERGENCY_AIRDROP,SPLASHES_HIJACKED_EMERGENCY_AIRDROP,,2.5,0.6,0.6,1,1,mp_defcon_down,,playercard_splash
two_from_defcon,SPLASHES_TWO_FROM_DEFCON,SPLASHES_TWO_FROM_DEFCON,,4,0.6,0.6,1,1,null,,playercard_splash
one_from_defcon,SPLASHES_ONE_FROM_DEFCON,SPLASHES_ONE_FROM_DEFCON,,4,0.6,0.6,1,1,null,,playercard_splash
changed_defcon,SPLASHES_CHANGED_DEFCON,SPLASHES_CHANGED_DEFCON,,4,0.6,0.6,1,1,null,,playercard_splash
used_ac130,KILLSTREAKS_AC130,KILLSTREAKS_AC130,,4,1,1,1,1,null,,playercard_splash
used_helicopter_minigun,KILLSTREAKS_HELICOPTER_MINIGUN,KILLSTREAKS_HELICOPTER_MINIGUN,,4,1,1,1,1,null,,playercard_splash
used_emp,KILLSTREAKS_EMP,KILLSTREAKS_EMP,,4,1,1,1,1,null,,playercard_splash
used_nuke,KILLSTREAKS_TACTICAL_NUKE,KILLSTREAKS_TACTICAL_NUKE,,4,1,1,1,1,null,,playercard_splash
used_helicopter_flares,KILLSTREAKS_PAVELOW,KILLSTREAKS_PAVELOW,,4,1,1,1,1,null,,playercard_splash
used_airdrop_mega,KILLSTREAKS_AIRDROP_MEGA,KILLSTREAKS_AIRDROP_MEGA,,4,1,1,1,1,null,,playercard_splash
used_stealth_airstrike,KILLSTREAKS_STEALTH_AIRSTRIKE,KILLSTREAKS_STEALTH_AIRSTRIKE,,4,1,1,1,1,null,,playercard_splash
callout_3xkill,SPLASHES_TRIPLEKILL,SPLASHES_TRIPLEKILL,,4,1,1,1,1,null,,playercard_splash
callout_3xpluskill,SPLASHES_MULTIKILL,SPLASHES_MULTIKILL,,4,1,1,1,1,null,,playercard_splash
callout_bombplanted,SPLASHES_BOMB_PLANTED,SPLASHES_BOMB_PLANTED,,4,1,1,1,1,null,,playercard_splash
callout_bombdefused,SPLASHES_BOMB_DEFUSED,SPLASHES_BOMB_DEFUSED,,4,1,1,1,1,null,,playercard_splash
callout_firstblood,SPLASHES_FIRSTBLOOD,SPLASHES_FIRSTBLOOD,,4,1,1,1,1,null,,playercard_splash
callout_grabbedtheflag,SPLASHES_GRABBED_THE_FLAG,SPLASHES_GRABBED_THE_FLAG,,4,1,1,1,1,null,,playercard_splash
callout_lastenemyalive,SPLASHES_LAST_ENEMY_ALIVE,SPLASHES_LAST_ENEMY_ALIVE,,4,1,1,1,1,null,,playercard_splash
callout_lastteammemberalive,SPLASHES_LAST_TEAM_MEMBER_ALIVE,SPLASHES_LAST_TEAM_MEMBER_ALIVE,,4,1,1,1,1,null,,playercard_splash
callout_destroyed_helicopter_flares,SPLASHES_DESTROYED_PAVELOW,SPLASHES_DESTROYED_PAVELOW,,4,1,1,1,1,null,,playercard_splash
callout_destroyed_helicopter_minigun,SPLASHES_DESTROYED_MINIGUNNER,SPLASHES_DESTROYED_MINIGUNNER,,4,1,1,1,1,null,,playercard_splash
callout_destroyed_helicopter,SPLASHES_DESTROYED_HELICOPTER,SPLASHES_DESTROYED_HELICOPTER,,4,1,1,1,1,null,,playercard_splash
callout_destroyed_uav,SPLASHES_DESTROYED_UAV,SPLASHES_DESTROYED_UAV,,4,1,1,1,1,null,,playercard_splash
callout_destroyed_counter_uav,SPLASHES_DESTROYED_COUNTER_UAV,SPLASHES_DESTROYED_COUNTER_UAV,,4,1,1,1,1,null,,playercard_splash
callout_destroyed_harrier,SPLASHES_DESTROYED_HARRIER,SPLASHES_DESTROYED_HARRIER,,4,1,1,1,1,null,,playercard_splash
callout_destroyed_ac130,SPLASHES_DESTROYED_AC130,SPLASHES_DESTROYED_AC130,,4,1,1,1,1,null,,playercard_splash
callout_flagreturn,SPLASHES_FLAG_RETURN,SPLASHES_FLAG_RETURN,,4,1,1,1,1,null,,playercard_splash
callout_flagcapture,SPLASHES_FLAG_CAPTURE,SPLASHES_FLAG_CAPTURE,,4,1,1,1,1,null,,playercard_splash
callout_flagpickup_enemy,SPLASHES_FLAG_PICKUP_ENEMY,SPLASHES_FLAG_PICKUP_ENEMY,,4,1,1,1,1,null,,playercard_splash
callout_flagpickup_friendly,SPLASHES_FLAG_PICKUP_FRIENDLY,SPLASHES_FLAG_PICKUP_FRIENDLY,,4,1,1,1,1,null,,playercard_splash
callout_flagpickup,SPLASHES_FLAG_PICKUP,SPLASHES_FLAG_PICKUP,,4,1,1,1,1,null,,playercard_splash
callout_capturedhq,SPLASHES_CAPTURED_HQ,SPLASHES_CAPTURED_HQ,,4,1,1,1,1,null,,playercard_splash
callout_destroyedhq,SPLASHES_DESTROYED_HQ,SPLASHES_DESTROYED_HQ,,4,1,1,1,1,null,,playercard_splash
callout_bombtaken,SPLASHES_BOMB_TAKEN,SPLASHES_BOMB_TAKEN,,4,1,1,1,1,null,,playercard_splash
callout_bombdropped,SPLASHES_BOMB_DROPPED,SPLASHES_BOMB_DROPPED,,4,1,1,1,1,null,,playercard_splash
callout_securedposition,SPLASHES_SECURED_POSITION,SPLASHES_SECURED_POSITION,,4,1,1,1,1,null,,playercard_splash
callout_securedposition_a,SPLASHES_SECURED_POSITION_A,SPLASHES_SECURED_POSITION_A,,4,1,1,1,1,null,,playercard_splash
callout_securedposition_b,SPLASHES_SECURED_POSITION_B,SPLASHES_SECURED_POSITION_B,,4,1,1,1,1,null,,playercard_splash
callout_securedposition_c,SPLASHES_SECURED_POSITION_C,SPLASHES_SECURED_POSITION_C,,4,1,1,1,1,null,,playercard_splash
callout_killcarrier,SPLASHES_KILLED_CARRIER,SPLASHES_KILLED_CARRIER,,4,1,1,1,1,null,,playercard_splash
copied,SPLASHES_COPIED,SPLASHES_COPIED,,3,0.75,0.25,0.25,1,null,,playercard_splash
revived,SPLASHES_REVIVED,SPLASHES_REVIVED,,3,0.75,0.25,0.25,1,null,,playercard_splash
callout_time_added,SPLASHES_TIMEADDED,SPLASHES_TIMEADDED,,4,1,1,1,1,null,,playercard_splash
callout_destroyed_objective,SPLASHES_DESTROYED_OBJECTIVE,SPLASHES_DESTROYED_OBJECTIVE,,4,1,1,1,1,null,,playercard_splash
callout_saved_objective,SPLASHES_SAVED_OBJECTIVE,SPLASHES_SAVED_OBJECTIVE,,4,1,1,1,1,null,,playercard_splash
heroic,SPLASHES_HEROIC,SPLASHES_HEROIC_DESC,,1.5,0.75,0.25,0.25,1,mp_last_stand,,splash
denied,SPLASHES_DENIED,SPLASHES_DENIED_DESC,,2.5,0.75,0.25,0.25,1,mp_last_stand,,splash
destroyed_insertion,SPLASHES_DESTROYED_INSERTION,SPLASHES_DESTROYED_INSERTION,,2.5,0.75,0.25,0.25,1,mp_defcon_down,,playercard_splash
reviver,SPLASHES_REVIVER,SPLASHES_REVIVER_DESC,,1.5,0.75,0.25,0.25,1,mp_last_stand,,splash
one_shot_kill,SPLASHES_ONE_SHOT_KILL,SPLASHES_ONE_SHOT_KILL_DESC,crosshair_red,1.5,0.75,0.25,0.25,1,mp_last_stand,,splash
ninja_defuse,SPLASHES_NINJA_DEFUSE,SPLASHES_NINJA_DEFUSE_DESC,,1.5,0.75,0.25,0.25,1,mp_last_stand,,splash
promotion,RANK_PROMOTED,RANK_PROMOTED,,4,0.75,0.25,0.25,1,mp_level_up,,promotion
ch_marksman_m16,#,CHALLENGE_GET_N_KILLS,,3.5,0.25,0.75,0.25,1,mp_challenge_complete,,challenge
ch_expert_m16,#,CHALLENGE_GET_N_HEADSHOTS,,3.5,0.25,0.75,0.25,1,mp_challenge_complete,,challenge
ch_marksman_famas,#,CHALLENGE_GET_N_KILLS,,3.5,0.25,0.75,0.25,1,mp_challenge_complete,,challenge
ch_expert_famas,#,CHALLENGE_GET_N_HEADSHOTS,,3.5,0.25,0.75,0.25,1,mp_challenge_complete,,challenge
ch_marksman_tavor,#,CHALLENGE_GET_N_KILLS,,3.5,0.25,0.75,0.25,1,mp_challenge_complete,,challenge
ch_expert_tavor,#,CHALLENGE_GET_N_HEADSHOTS,,3.5,0.25,0.75,0.25,1,mp_challenge_complete,,challenge
ch_marksman_fal,#,CHALLENGE_GET_N_KILLS,,3.5,0.25,0.75,0.25,1,mp_challenge_complete,,challenge
ch_expert_fal,#,CHALLENGE_GET_N_HEADSHOTS,,3.5,0.25,0.75,0.25,1,mp_challenge_complete,,challenge
ch_marksman_ak47,#,CHALLENGE_GET_N_KILLS,,3.5,0.25,0.75,0.25,1,mp_challenge_complete,,challenge
ch_expert_ak47,#,CHALLENGE_GET_N_HEADSHOTS,,3.5,0.25,0.75,0.25,1,mp_challenge_complete,,challenge
ch_marksman_m4,#,CHALLENGE_GET_N_KILLS,,3.5,0.25,0.75,0.25,1,mp_challenge_complete,,challenge
ch_expert_m4,#,CHALLENGE_GET_N_HEADSHOTS,,3.5,0.25,0.75,0.25,1,mp_challenge_complete,,challenge
ch_marksman_masada,#,CHALLENGE_GET_N_KILLS,,3.5,0.25,0.75,0.25,1,mp_challenge_complete,,challenge
ch_expert_masada,#,CHALLENGE_GET_N_HEADSHOTS,,3.5,0.25,0.75,0.25,1,mp_challenge_complete,,challenge
ch_marksman_scar,#,CHALLENGE_GET_N_KILLS,,3.5,0.25,0.75,0.25,1,mp_challenge_complete,,challenge
ch_expert_scar,#,CHALLENGE_GET_N_HEADSHOTS,,3.5,0.25,0.75,0.25,1,mp_challenge_complete,,challenge
ch_marksman_fn2000,#,CHALLENGE_GET_N_KILLS,,3.5,0.25,0.75,0.25,1,mp_challenge_complete,,challenge
ch_expert_fn2000,#,CHALLENGE_GET_N_HEADSHOTS,,3.5,0.25,0.75,0.25,1,mp_challenge_complete,,challenge
ch_marksman_kriss,#,CHALLENGE_GET_N_KILLS,,3.5,0.25,0.75,0.25,1,mp_challenge_complete,,challenge
ch_expert_kriss,#,CHALLENGE_GET_N_HEADSHOTS,,3.5,0.25,0.75,0.25,1,mp_challenge_complete,,challenge
ch_marksman_ump45,#,CHALLENGE_GET_N_KILLS,,3.5,0.25,0.75,0.25,1,mp_challenge_complete,,challenge
ch_expert_ump45,#,CHALLENGE_GET_N_HEADSHOTS,,3.5,0.25,0.75,0.25,1,mp_challenge_complete,,challenge
ch_marksman_uzi,#,CHALLENGE_GET_N_KILLS,,3.5,0.25,0.75,0.25,1,mp_challenge_complete,,challenge
ch_expert_uzi,#,CHALLENGE_GET_N_HEADSHOTS,,3.5,0.25,0.75,0.25,1,mp_challenge_complete,,challenge
ch_marksman_p90,#,CHALLENGE_GET_N_KILLS,,3.5,0.25,0.75,0.25,1,mp_challenge_complete,,challenge
ch_expert_p90,#,CHALLENGE_GET_N_HEADSHOTS,,3.5,0.25,0.75,0.25,1,mp_challenge_complete,,challenge
ch_marksman_mp5k,#,CHALLENGE_GET_N_KILLS,,3.5,0.25,0.75,0.25,1,mp_challenge_complete,,challenge
ch_expert_mp5k,#,CHALLENGE_GET_N_HEADSHOTS,,3.5,0.25,0.75,0.25,1,mp_challenge_complete,,challenge
ch_marksman_rpd,#,CHALLENGE_GET_N_KILLS,,3.5,0.25,0.75,0.25,1,mp_challenge_complete,,challenge
ch_expert_rpd,#,CHALLENGE_GET_N_HEADSHOTS,,3.5,0.25,0.75,0.25,1,mp_challenge_complete,,challenge
ch_marksman_sa80,#,CHALLENGE_GET_N_KILLS,,3.5,0.25,0.75,0.25,1,mp_challenge_complete,,challenge
ch_expert_sa80,#,CHALLENGE_GET_N_HEADSHOTS,,3.5,0.25,0.75,0.25,1,mp_challenge_complete,,challenge
ch_marksman_aug,#,CHALLENGE_GET_N_KILLS,,3.5,0.25,0.75,0.25,1,mp_challenge_complete,,challenge
ch_expert_aug,#,CHALLENGE_GET_N_HEADSHOTS,,3.5,0.25,0.75,0.25,1,mp_challenge_complete,,challenge
ch_marksman_striker,#,CHALLENGE_GET_N_KILLS,,3.5,0.25,0.75,0.25,1,mp_challenge_complete,,challenge
ch_expert_striker,#,CHALLENGE_GET_N_HEADSHOTS,,3.5,0.25,0.75,0.25,1,mp_challenge_complete,,challenge
ch_marksman_m1014,#,CHALLENGE_GET_N_KILLS,,3.5,0.25,0.75,0.25,1,mp_challenge_complete,,challenge
ch_expert_m1014,#,CHALLENGE_GET_N_HEADSHOTS,,3.5,0.25,0.75,0.25,1,mp_challenge_complete,,challenge
ch_marksman_aa12,#,CHALLENGE_GET_N_KILLS,,3.5,0.25,0.75,0.25,1,mp_challenge_complete,,challenge
ch_expert_aa12,#,CHALLENGE_GET_N_HEADSHOTS,,3.5,0.25,0.75,0.25,1,mp_challenge_complete,,challenge
ch_marksman_model1887,#,CHALLENGE_GET_N_KILLS,,3.5,0.25,0.75,0.25,1,mp_challenge_complete,,challenge
ch_expert_model1887,#,CHALLENGE_GET_N_HEADSHOTS,,3.5,0.25,0.75,0.25,1,mp_challenge_complete,,challenge
ch_marksman_ranger,#,CHALLENGE_GET_N_KILLS,,3.5,0.25,0.75,0.25,1,mp_challenge_complete,,challenge
ch_expert_ranger,#,CHALLENGE_GET_N_HEADSHOTS,,3.5,0.25,0.75,0.25,1,mp_challenge_complete,,challenge
ch_marksman_spas12,#,CHALLENGE_GET_N_KILLS,,3.5,0.25,0.75,0.25,1,mp_challenge_complete,,challenge
ch_expert_spas12,#,CHALLENGE_GET_N_HEADSHOTS,,3.5,0.25,0.75,0.25,1,mp_challenge_complete,,challenge
ch_marksman_cheytac,#,CHALLENGE_GET_N_KILLS,,3.5,0.25,0.75,0.25,1,mp_challenge_complete,,challenge
ch_expert_cheytac,#,CHALLENGE_GET_N_HEADSHOTS,,3.5,0.25,0.75,0.25,1,mp_challenge_complete,,challenge
ch_marksman_m21,#,CHALLENGE_GET_N_KILLS,,3.5,0.25,0.75,0.25,1,mp_challenge_complete,,challenge
ch_expert_m21,#,CHALLENGE_GET_N_HEADSHOTS,,3.5,0.25,0.75,0.25,1,mp_challenge_complete,,challenge
ch_marksman_barrett,#,CHALLENGE_GET_N_KILLS,,3.5,0.25,0.75,0.25,1,mp_challenge_complete,,challenge
ch_expert_barrett,#,CHALLENGE_GET_N_HEADSHOTS,,3.5,0.25,0.75,0.25,1,mp_challenge_complete,,challenge
ch_marksman_wa2000,#,CHALLENGE_GET_N_KILLS,,3.5,0.25,0.75,0.25,1,mp_challenge_complete,,challenge
ch_expert_wa2000,#,CHALLENGE_GET_N_HEADSHOTS,,3.5,0.25,0.75,0.25,1,mp_challenge_complete,,challenge
ch_marksman_beretta,#,CHALLENGE_GET_N_KILLS,,3.5,0.25,0.75,0.25,1,mp_challenge_complete,,challenge
ch_expert_beretta,#,CHALLENGE_GET_N_HEADSHOTS,,3.5,0.25,0.75,0.25,1,mp_challenge_complete,,challenge
ch_marksman_usp,#,CHALLENGE_GET_N_KILLS,,3.5,0.25,0.75,0.25,1,mp_challenge_complete,,challenge
ch_expert_usp,#,CHALLENGE_GET_N_HEADSHOTS,,3.5,0.25,0.75,0.25,1,mp_challenge_complete,,challenge
ch_marksman_deserteagle,#,CHALLENGE_GET_N_KILLS,,3.5,0.25,0.75,0.25,1,mp_challenge_complete,,challenge
ch_expert_deserteagle,#,CHALLENGE_GET_N_HEADSHOTS,,3.5,0.25,0.75,0.25,1,mp_challenge_complete,,challenge
ch_marksman_coltanaconda,#,CHALLENGE_GET_N_KILLS,,3.5,0.25,0.75,0.25,1,mp_challenge_complete,,challenge
ch_expert_coltanaconda,#,CHALLENGE_GET_N_HEADSHOTS,,3.5,0.25,0.75,0.25,1,mp_challenge_complete,,challenge
ch_marksman_tmp,#,CHALLENGE_GET_N_KILLS,,3.5,0.25,0.75,0.25,1,mp_challenge_complete,,challenge
ch_expert_tmp,#,CHALLENGE_GET_N_HEADSHOTS,,3.5,0.25,0.75,0.25,1,mp_challenge_complete,,challenge
ch_marksman_ump45,#,CHALLENGE_GET_N_KILLS,,3.5,0.25,0.75,0.25,1,mp_challenge_complete,,challenge
ch_expert_ump45,#,CHALLENGE_GET_N_HEADSHOTS,,3.5,0.25,0.75,0.25,1,mp_challenge_complete,,challenge
ch_marksman_glock,#,CHALLENGE_GET_N_KILLS,,3.5,0.25,0.75,0.25,1,mp_challenge_complete,,challenge
ch_expert_glock,#,CHALLENGE_GET_N_HEADSHOTS,,3.5,0.25,0.75,0.25,1,mp_challenge_complete,,challenge
ch_marksman_beretta393,#,CHALLENGE_GET_N_KILLS,,3.5,0.25,0.75,0.25,1,mp_challenge_complete,,challenge
ch_expert_beretta393,#,CHALLENGE_GET_N_HEADSHOTS,,3.5,0.25,0.75,0.25,1,mp_challenge_complete,,challenge
ch_marksman_pp2000,#,CHALLENGE_GET_N_KILLS,,3.5,0.25,0.75,0.25,1,mp_challenge_complete,,challenge
ch_expert_pp2000,#,CHALLENGE_GET_N_HEADSHOTS,,3.5,0.25,0.75,0.25,1,mp_challenge_complete,,challenge
ch_marksman_m240,#,CHALLENGE_GET_N_KILLS,,3.5,0.25,0.75,0.25,1,mp_challenge_complete,,challenge
ch_expert_m240,#,CHALLENGE_GET_N_HEADSHOTS,,3.5,0.25,0.75,0.25,1,mp_challenge_complete,,challenge
ch_marksman_mg4,#,CHALLENGE_GET_N_KILLS,,3.5,0.25,0.75,0.25,1,mp_challenge_complete,,challenge
ch_expert_mg4,#,CHALLENGE_GET_N_HEADSHOTS,,3.5,0.25,0.75,0.25,1,mp_challenge_complete,,challenge
ch_marksman_at4,#,CHALLENGE_GET_N_KILLS,,3.5,0.25,0.75,0.25,1,mp_challenge_complete,,challenge
ch_marksman_rpg,#,CHALLENGE_GET_N_KILLS,,3.5,0.25,0.75,0.25,1,mp_challenge_complete,,challenge
ch_marksman_javelin,#,CHALLENGE_GET_N_KILLS,,3.5,0.25,0.75,0.25,1,mp_challenge_complete,,challenge
ch_marksman_m79,#,CHALLENGE_GET_N_KILLS,,3.5,0.25,0.75,0.25,1,mp_challenge_complete,,challenge
ch_marksman_stinger,#,CHALLENGE_GET_N_KILLS,,3.5,0.25,0.75,0.25,1,mp_challenge_complete,,challenge
ch_m16_fmj,#,SPLASHES_UNLOCKED_EXTENDED_MAGS,,3.5,0.25,0.75,0.25,1,mp_challenge_complete,,challenge
ch_famas_fmj,#,SPLASHES_UNLOCKED_EXTENDED_MAGS,,3.5,0.25,0.75,0.25,1,mp_challenge_complete,,challenge
ch_tavor_fmj,#,SPLASHES_UNLOCKED_EXTENDED_MAGS,,3.5,0.25,0.75,0.25,1,mp_challenge_complete,,challenge
ch_fal_fmj,#,SPLASHES_UNLOCKED_EXTENDED_MAGS,,3.5,0.25,0.75,0.25,1,mp_challenge_complete,,challenge
ch_ak47_fmj,#,SPLASHES_UNLOCKED_EXTENDED_MAGS,,3.5,0.25,0.75,0.25,1,mp_challenge_complete,,challenge
ch_m4_fmj,#,SPLASHES_UNLOCKED_EXTENDED_MAGS,,3.5,0.25,0.75,0.25,1,mp_challenge_complete,,challenge
ch_masada_fmj,#,SPLASHES_UNLOCKED_EXTENDED_MAGS,,3.5,0.25,0.75,0.25,1,mp_challenge_complete,,challenge
ch_scar_fmj,#,SPLASHES_UNLOCKED_EXTENDED_MAGS,,3.5,0.25,0.75,0.25,1,mp_challenge_complete,,challenge
ch_fn2000_fmj,#,SPLASHES_UNLOCKED_EXTENDED_MAGS,,3.5,0.25,0.75,0.25,1,mp_challenge_complete,,challenge
ch_kriss_fmj,#,SPLASHES_UNLOCKED_EXTENDED_MAGS,,3.5,0.25,0.75,0.25,1,mp_challenge_complete,,challenge
ch_ump45_fmj,#,SPLASHES_UNLOCKED_EXTENDED_MAGS,,3.5,0.25,0.75,0.25,1,mp_challenge_complete,,challenge
ch_uzi_fmj,#,SPLASHES_UNLOCKED_EXTENDED_MAGS,,3.5,0.25,0.75,0.25,1,mp_challenge_complete,,challenge
ch_p90_fmj,#,SPLASHES_UNLOCKED_EXTENDED_MAGS,,3.5,0.25,0.75,0.25,1,mp_challenge_complete,,challenge
ch_mp5k_fmj,#,SPLASHES_UNLOCKED_EXTENDED_MAGS,,3.5,0.25,0.75,0.25,1,mp_challenge_complete,,challenge
ch_rpd_fmj,#,SPLASHES_UNLOCKED_EXTENDED_MAGS,,3.5,0.25,0.75,0.25,1,mp_challenge_complete,,challenge
ch_sa80_fmj,#,SPLASHES_UNLOCKED_EXTENDED_MAGS,,3.5,0.25,0.75,0.25,1,mp_challenge_complete,,challenge
ch_mg4_fmj,#,SPLASHES_UNLOCKED_EXTENDED_MAGS,,3.5,0.25,0.75,0.25,1,mp_challenge_complete,,challenge
ch_aug_fmj,#,SPLASHES_UNLOCKED_EXTENDED_MAGS,,3.5,0.25,0.75,0.25,1,mp_challenge_complete,,challenge
ch_cheytac_fmj,#,SPLASHES_UNLOCKED_EXTENDED_MAGS,,3.5,0.25,0.75,0.25,1,mp_challenge_complete,,challenge
ch_m21_fmj,#,SPLASHES_UNLOCKED_EXTENDED_MAGS,,3.5,0.25,0.75,0.25,1,mp_challenge_complete,,challenge
ch_barrett_fmj,#,SPLASHES_UNLOCKED_EXTENDED_MAGS,,3.5,0.25,0.75,0.25,1,mp_challenge_complete,,challenge
ch_wa2000_fmj,#,SPLASHES_UNLOCKED_EXTENDED_MAGS,,3.5,0.25,0.75,0.25,1,mp_challenge_complete,,challenge
ch_m16_silencer,#,SPLASHES_UNLOCKED_HEARTBEAT,,3.5,0.25,0.75,0.25,1,mp_challenge_complete,,challenge
ch_famas_silencer,#,SPLASHES_UNLOCKED_HEARTBEAT,,3.5,0.25,0.75,0.25,1,mp_challenge_complete,,challenge
ch_tavor_silencer,#,SPLASHES_UNLOCKED_HEARTBEAT,,3.5,0.25,0.75,0.25,1,mp_challenge_complete,,challenge
ch_fal_silencer,#,SPLASHES_UNLOCKED_HEARTBEAT,,3.5,0.25,0.75,0.25,1,mp_challenge_complete,,challenge
ch_ak47_silencer,#,SPLASHES_UNLOCKED_HEARTBEAT,,3.5,0.25,0.75,0.25,1,mp_challenge_complete,,challenge
ch_m4_silencer,#,SPLASHES_UNLOCKED_HEARTBEAT,,3.5,0.25,0.75,0.25,1,mp_challenge_complete,,challenge
ch_masada_silencer,#,SPLASHES_UNLOCKED_HEARTBEAT,,3.5,0.25,0.75,0.25,1,mp_challenge_complete,,challenge
ch_scar_silencer,#,SPLASHES_UNLOCKED_HEARTBEAT,,3.5,0.25,0.75,0.25,1,mp_challenge_complete,,challenge
ch_fn2000_silencer,#,SPLASHES_UNLOCKED_HEARTBEAT,,3.5,0.25,0.75,0.25,1,mp_challenge_complete,,challenge
ch_kriss_silencer,#,SPLASHES_UNLOCKED_HEARTBEAT,,3.5,0.25,0.75,0.25,1,mp_challenge_complete,,challenge
ch_ump45_silencer,#,SPLASHES_UNLOCKED_HEARTBEAT,,3.5,0.25,0.75,0.25,1,mp_challenge_complete,,challenge
ch_uzi_silencer,#,SPLASHES_UNLOCKED_HEARTBEAT,,3.5,0.25,0.75,0.25,1,mp_challenge_complete,,challenge
ch_p90_silencer,#,SPLASHES_UNLOCKED_HEARTBEAT,,3.5,0.25,0.75,0.25,1,mp_challenge_complete,,challenge
ch_mp5k_silencer,#,SPLASHES_UNLOCKED_HEARTBEAT,,3.5,0.25,0.75,0.25,1,mp_challenge_complete,,challenge
ch_rpd_silencer,#,SPLASHES_UNLOCKED_HEARTBEAT,,3.5,0.25,0.75,0.25,1,mp_challenge_complete,,challenge
ch_sa80_silencer,#,SPLASHES_UNLOCKED_HEARTBEAT,,3.5,0.25,0.75,0.25,1,mp_challenge_complete,,challenge
ch_mg4_silencer,#,SPLASHES_UNLOCKED_HEARTBEAT,,3.5,0.25,0.75,0.25,1,mp_challenge_complete,,challenge
ch_aug_silencer,#,SPLASHES_UNLOCKED_HEARTBEAT,,3.5,0.25,0.75,0.25,1,mp_challenge_complete,,challenge
ch_cheytac_silencer,#,SPLASHES_UNLOCKED_HEARTBEAT,,3.5,0.25,0.75,0.25,1,mp_challenge_complete,,challenge
ch_m21_silencer,#,SPLASHES_UNLOCKED_HEARTBEAT,,3.5,0.25,0.75,0.25,1,mp_challenge_complete,,challenge
ch_barrett_silencer,#,SPLASHES_UNLOCKED_HEARTBEAT,,3.5,0.25,0.75,0.25,1,mp_challenge_complete,,challenge
ch_wa2000_silencer,#,SPLASHES_UNLOCKED_HEARTBEAT,,3.5,0.25,0.75,0.25,1,mp_challenge_complete,,challenge
ch_m16_gl,#,SPLASHES_UNLOCKED_SHOTGUN,,3.5,0.25,0.75,0.25,1,mp_challenge_complete,,challenge
ch_famas_gl,#,SPLASHES_UNLOCKED_SHOTGUN,,3.5,0.25,0.75,0.25,1,mp_challenge_complete,,challenge
ch_tavor_gl,#,SPLASHES_UNLOCKED_SHOTGUN,,3.5,0.25,0.75,0.25,1,mp_challenge_complete,,challenge
ch_fal_gl,#,SPLASHES_UNLOCKED_SHOTGUN,,3.5,0.25,0.75,0.25,1,mp_challenge_complete,,challenge
ch_ak47_gl,#,SPLASHES_UNLOCKED_SHOTGUN,,3.5,0.25,0.75,0.25,1,mp_challenge_complete,,challenge
ch_m4_gl,#,SPLASHES_UNLOCKED_SHOTGUN,,3.5,0.25,0.75,0.25,1,mp_challenge_complete,,challenge
ch_masada_gl,#,SPLASHES_UNLOCKED_SHOTGUN,,3.5,0.25,0.75,0.25,1,mp_challenge_complete,,challenge
ch_scar_gl,#,SPLASHES_UNLOCKED_SHOTGUN,,3.5,0.25,0.75,0.25,1,mp_challenge_complete,,challenge
ch_fn2000_gl,#,SPLASHES_UNLOCKED_SHOTGUN,,3.5,0.25,0.75,0.25,1,mp_challenge_complete,,challenge
ch_m16_reflex,#,SPLASHES_UNLOCKED_EOTECH,,3.5,0.25,0.75,0.25,1,mp_challenge_complete,,challenge
ch_famas_reflex,#,SPLASHES_UNLOCKED_EOTECH,,3.5,0.25,0.75,0.25,1,mp_challenge_complete,,challenge
ch_tavor_reflex,#,SPLASHES_UNLOCKED_EOTECH,,3.5,0.25,0.75,0.25,1,mp_challenge_complete,,challenge
ch_fal_reflex,#,SPLASHES_UNLOCKED_EOTECH,,3.5,0.25,0.75,0.25,1,mp_challenge_complete,,challenge
ch_ak47_reflex,#,SPLASHES_UNLOCKED_EOTECH,,3.5,0.25,0.75,0.25,1,mp_challenge_complete,,challenge
ch_m4_reflex,#,SPLASHES_UNLOCKED_EOTECH,,3.5,0.25,0.75,0.25,1,mp_challenge_complete,,challenge
ch_masada_reflex,#,SPLASHES_UNLOCKED_EOTECH,,3.5,0.25,0.75,0.25,1,mp_challenge_complete,,challenge
ch_scar_reflex,#,SPLASHES_UNLOCKED_EOTECH,,3.5,0.25,0.75,0.25,1,mp_challenge_complete,,challenge
ch_fn2000_reflex,#,SPLASHES_UNLOCKED_EOTECH,,3.5,0.25,0.75,0.25,1,mp_challenge_complete,,challenge
ch_kriss_reflex,#,SPLASHES_UNLOCKED_EOTECH,,3.5,0.25,0.75,0.25,1,mp_challenge_complete,,challenge
ch_ump45_reflex,#,SPLASHES_UNLOCKED_EOTECH,,3.5,0.25,0.75,0.25,1,mp_challenge_complete,,challenge
ch_uzi_reflex,#,SPLASHES_UNLOCKED_EOTECH,,3.5,0.25,0.75,0.25,1,mp_challenge_complete,,challenge
ch_p90_reflex,#,SPLASHES_UNLOCKED_EOTECH,,3.5,0.25,0.75,0.25,1,mp_challenge_complete,,challenge
ch_mp5k_reflex,#,SPLASHES_UNLOCKED_EOTECH,,3.5,0.25,0.75,0.25,1,mp_challenge_complete,,challenge
ch_rpd_reflex,#,SPLASHES_UNLOCKED_EOTECH,,3.5,0.25,0.75,0.25,1,mp_challenge_complete,,challenge
ch_sa80_reflex,#,SPLASHES_UNLOCKED_EOTECH,,3.5,0.25,0.75,0.25,1,mp_challenge_complete,,challenge
ch_mg4_reflex,#,SPLASHES_UNLOCKED_EOTECH,,3.5,0.25,0.75,0.25,1,mp_challenge_complete,,challenge
ch_aug_reflex,#,SPLASHES_UNLOCKED_EOTECH,,3.5,0.25,0.75,0.25,1,mp_challenge_complete,,challenge
ch_m16_acog,#,SPLASHES_UNLOCKED_THERMAL,,3.5,0.25,0.75,0.25,1,mp_challenge_complete,,challenge
ch_famas_acog,#,SPLASHES_UNLOCKED_THERMAL,,3.5,0.25,0.75,0.25,1,mp_challenge_complete,,challenge
ch_tavor_acog,#,SPLASHES_UNLOCKED_THERMAL,,3.5,0.25,0.75,0.25,1,mp_challenge_complete,,challenge
ch_fal_acog,#,SPLASHES_UNLOCKED_THERMAL,,3.5,0.25,0.75,0.25,1,mp_challenge_complete,,challenge
ch_ak47_acog,#,SPLASHES_UNLOCKED_THERMAL,,3.5,0.25,0.75,0.25,1,mp_challenge_complete,,challenge
ch_m4_acog,#,SPLASHES_UNLOCKED_THERMAL,,3.5,0.25,0.75,0.25,1,mp_challenge_complete,,challenge
ch_masada_acog,#,SPLASHES_UNLOCKED_THERMAL,,3.5,0.25,0.75,0.25,1,mp_challenge_complete,,challenge
ch_scar_acog,#,SPLASHES_UNLOCKED_THERMAL,,3.5,0.25,0.75,0.25,1,mp_challenge_complete,,challenge
ch_fn2000_acog,#,SPLASHES_UNLOCKED_THERMAL,,3.5,0.25,0.75,0.25,1,mp_challenge_complete,,challenge
ch_kriss_acog,#,SPLASHES_UNLOCKED_THERMAL,,3.5,0.25,0.75,0.25,1,mp_challenge_complete,,challenge
ch_ump45_acog,#,SPLASHES_UNLOCKED_THERMAL,,3.5,0.25,0.75,0.25,1,mp_challenge_complete,,challenge
ch_uzi_acog,#,SPLASHES_UNLOCKED_THERMAL,,3.5,0.25,0.75,0.25,1,mp_challenge_complete,,challenge
ch_p90_acog,#,SPLASHES_UNLOCKED_THERMAL,,3.5,0.25,0.75,0.25,1,mp_challenge_complete,,challenge
ch_mp5k_acog,#,SPLASHES_UNLOCKED_THERMAL,,3.5,0.25,0.75,0.25,1,mp_challenge_complete,,challenge
ch_rpd_acog,#,SPLASHES_UNLOCKED_THERMAL,,3.5,0.25,0.75,0.25,1,mp_challenge_complete,,challenge
ch_sa80_acog,#,SPLASHES_UNLOCKED_THERMAL,,3.5,0.25,0.75,0.25,1,mp_challenge_complete,,challenge
ch_mg4_acog,#,SPLASHES_UNLOCKED_THERMAL,,3.5,0.25,0.75,0.25,1,mp_challenge_complete,,challenge
ch_aug_acog,#,SPLASHES_UNLOCKED_THERMAL,,3.5,0.25,0.75,0.25,1,mp_challenge_complete,,challenge
ch_cheytac_acog,#,SPLASHES_UNLOCKED_THERMAL,,3.5,0.25,0.75,0.25,1,mp_challenge_complete,,challenge
ch_m21_acog,#,SPLASHES_UNLOCKED_THERMAL,,3.5,0.25,0.75,0.25,1,mp_challenge_complete,,challenge
ch_barrett_acog,#,SPLASHES_UNLOCKED_THERMAL,,3.5,0.25,0.75,0.25,1,mp_challenge_complete,,challenge
ch_wa2000_acog,#,SPLASHES_UNLOCKED_THERMAL,,3.5,0.25,0.75,0.25,1,mp_challenge_complete,,challenge
ch_kriss_rof,#,SPLASHES_UNLOCKED_AKIMBO,,3.5,0.25,0.75,0.25,1,mp_challenge_complete,,challenge
ch_ump45_rof,#,SPLASHES_UNLOCKED_AKIMBO,,3.5,0.25,0.75,0.25,1,mp_challenge_complete,,challenge
ch_uzi_rof,#,SPLASHES_UNLOCKED_AKIMBO,,3.5,0.25,0.75,0.25,1,mp_challenge_complete,,challenge
ch_p90_rof,#,SPLASHES_UNLOCKED_AKIMBO,,3.5,0.25,0.75,0.25,1,mp_challenge_complete,,challenge
ch_mp5k_rof,#,SPLASHES_UNLOCKED_AKIMBO,,3.5,0.25,0.75,0.25,1,mp_challenge_complete,,challenge
ch_m240_silencer,#,SPLASHES_UNLOCKED_HEARTBEAT,,3.5,0.25,0.75,0.25,1,mp_challenge_complete,,challenge
ch_m240_fmj,#,SPLASHES_UNLOCKED_EXTENDED_MAGS,,3.5,0.25,0.75,0.25,1,mp_challenge_complete,,challenge
ch_m240_reflex,#,SPLASHES_UNLOCKED_EOTECH,,3.5,0.25,0.75,0.25,1,mp_challenge_complete,,challenge
ch_m240_acog,#,SPLASHES_UNLOCKED_THERMAL,,3.5,0.25,0.75,0.25,1,mp_challenge_complete,,challenge
ch_marathon_pro,CHALLENGE_MARATHON_PRO,CHALLENGE_RUN_N_MILES,,3.5,0.25,0.75,0.25,1,mp_challenge_complete,,perk_challenge
ch_bulletaccuracy_pro,CHALLENGE_BULLETACCURACY_PRO,CHALLENGE_GET_N_HIPFIRE_KILLS,,3.5,0.25,0.75,0.25,1,mp_challenge_complete,,perk_challenge
ch_deadsilence_pro,CHALLENGE_DEADSILENCE_PRO,CHALLENGE_GET_N_CLOSE_DS_KILLS,,3.5,0.25,0.75,0.25,1,mp_challenge_complete,,perk_challenge
ch_scrambler_pro,CHALLENGE_SCRAMBLER_PRO,CHALLENGE_GET_N_CLOSE_SC_KILLS,,3.5,0.25,0.75,0.25,1,mp_challenge_complete,,perk_challenge
ch_sleightofhand_pro,CHALLENGE_SLEIGHTOFHAND_PRO,CHALLENGE_GET_N_SOH_KILLS,,3.5,0.25,0.75,0.25,1,mp_challenge_complete,,perk_challenge
ch_bling_pro,CHALLENGE_BLING_PRO,CHALLENGE_GET_N_BLING_KILLS,,3.5,0.25,0.75,0.25,1,mp_challenge_complete,,perk_challenge
ch_stoppingpower_pro,CHALLENGE_STOPPINGPOWER_PRO,CHALLENGE_GET_N_SP_KILLS,,3.5,0.25,0.75,0.25,1,mp_challenge_complete,,perk_challenge
ch_hardline_pro,CHALLENGE_HARDLINE_PRO,CHALLENGE_GET_N_KILLSTREAKS,,3.5,0.25,0.75,0.25,1,mp_challenge_complete,,perk_challenge
ch_onemanarmy_pro,CHALLENGE_ONEMANARMY_PRO,CHALLENGE_GET_N_KILLS_OMA,,3.5,0.25,0.75,0.25,1,mp_challenge_complete,,perk_challenge
ch_coldblooded_pro,CHALLENGE_COLDBLOODED_PRO,CHALLENGE_KILL_N_KILLSTREAKS,,3.5,0.25,0.75,0.25,1,mp_challenge_complete,,perk_challenge
ch_laststand_pro,CHALLENGE_LASTSTAND_PRO,CHALLENGE_GET_N_LASTSTAND_KILLS,,3.5,0.25,0.75,0.25,1,mp_challenge_complete,,perk_challenge
ch_scavenger_pro,CHALLENGE_SCAVENGER_PRO,CHALLENGE_PICKUP_N_SCAVENGER_PACKS,,3.5,0.25,0.75,0.25,1,mp_challenge_complete,,perk_challenge
ch_extendedmelee_pro,CHALLENGE_EXTENDEDMELEE_PRO,CHALLENGE_GET_N_MELEE_KILLS,,3.5,0.25,0.75,0.25,1,mp_challenge_complete,,perk_challenge
ch_detectexplosives_pro,CHALLENGE_DETECTEXPLOSIVES_PRO,CHALLENGE_GET_N_DE_KILLS,,3.5,0.25,0.75,0.25,1,mp_challenge_complete,,perk_challenge
ch_lightweight_pro,CHALLENGE_LIGHTWEIGHT_PRO,CHALLENGE_SPRINT_N_MILES,,3.5,0.25,0.75,0.25,1,mp_challenge_complete,,perk_challenge
ch_dangerclose_pro,CHALLENGE_DANGERCLOSE_PRO,CHALLENGE_GET_N_KS_EXPLOSIVE_KILLS,,3.5,0.25,0.75,0.25,1,mp_challenge_complete,,perk_challenge
ch_uav,CHALLENGE_UAV,CHALLENGE_DESC_UAV,,3.5,0.25,0.75,0.25,1,mp_challenge_complete,,challenge
ch_airdrop,CHALLENGE_AIRDROP,CHALLENGE_DESC_AIRDROP,,3.5,0.25,0.75,0.25,1,mp_challenge_complete,,challenge
ch_counter_uav,CHALLENGE_COUNTER_UAV,CHALLENGE_DESC_COUNTER_UAV,,3.5,0.25,0.75,0.25,1,mp_challenge_complete,,challenge
ch_sentry,CHALLENGE_SENTRY,CHALLENGE_DESC_SENTRY,,3.5,0.25,0.75,0.25,1,mp_challenge_complete,,challenge
ch_predator_missile,CHALLENGE_PREDATOR_MISSILE,CHALLENGE_DESC_PREDATOR_MISSILE,,3.5,0.25,0.75,0.25,1,mp_challenge_complete,,challenge
ch_precision_airstrike,CHALLENGE_PRECISION_AIRSTRIKE,CHALLENGE_DESC_PRECISION_AIRSTRIKE,,3.5,0.25,0.75,0.25,1,mp_challenge_complete,,challenge
ch_harrier_strike,CHALLENGE_HARRIER_AIRSTRIKE,CHALLENGE_DESC_HARRIER_AIRSTRIKE,,3.5,0.25,0.75,0.25,1,mp_challenge_complete,,challenge
ch_helicopter,CHALLENGE_HELICOPTER,CHALLENGE_DESC_HELICOPTER,,3.5,0.25,0.75,0.25,1,mp_challenge_complete,,challenge
ch_airdrop_mega,CHALLENGE_AIRDROP_MEGA,CHALLENGE_DESC_AIRDROP_MEGA,,3.5,0.25,0.75,0.25,1,mp_challenge_complete,,challenge
ch_helicopter_flares,CHALLENGE_HELICOPTER_FLARES,CHALLENGE_DESC_HELICOPTER_FLARES,,3.5,0.25,0.75,0.25,1,mp_challenge_complete,,challenge
ch_stealth_airstrike,CHALLENGE_STEALTH_AIRSTRIKE,CHALLENGE_DESC_STEALTH_AIRSTRIKE,,3.5,0.25,0.75,0.25,1,mp_challenge_complete,,challenge
ch_helicopter_minigun,CHALLENGE_HELICOPTER_MINIGUN,CHALLENGE_DESC_HELICOPTER_MINIGUN,,3.5,0.25,0.75,0.25,1,mp_challenge_complete,,challenge
ch_ac130,CHALLENGE_AC130,CHALLENGE_DESC_AC130,,3.5,0.25,0.75,0.25,1,mp_challenge_complete,,challenge
ch_emp,CHALLENGE_EMP,CHALLENGE_DESC_EMP,,3.5,0.25,0.75,0.25,1,mp_challenge_complete,,challenge
ch_nuke,CHALLENGE_NUKE,CHALLENGE_DESC_NUKE,,3.5,0.25,0.75,0.25,1,mp_challenge_complete,,challenge
ch_uavs,CHALLENGE_UAVS,CHALLENGE_DESC_UAVS,,3.5,0.25,0.75,0.25,1,mp_challenge_complete,,challenge
ch_airstrikes,CHALLENGE_AIRSTRIKES,CHALLENGE_DESC_AIRSTRIKES,,3.5,0.25,0.75,0.25,1,mp_challenge_complete,,challenge
ch_helicopters,CHALLENGE_HELICOPTERS,CHALLENGE_DESC_HELICOPTERS,,3.5,0.25,0.75,0.25,1,mp_challenge_complete,,challenge
ch_airdrops,CHALLENGE_AIRDROPS,CHALLENGE_DESC_AIRDROPS,,3.5,0.25,0.75,0.25,1,mp_challenge_complete,,challenge
ch_grenadekill,CHALLENGE_GRENADE_KILL,CHALLENGE_KILL_N_ENEMIES_WITH_A_GRENADE,,3.5,0.25,0.75,0.25,1,mp_challenge_complete,,challenge
ch_claymoreshot,CHALLENGE_CLAYMORE_SHOT,CHALLENGE_KILL_5_ENEMIES_BY_USING,,3.5,0.25,0.75,0.25,1,mp_challenge_complete,,challenge
ch_jackinthebox,CHALLENGE_JACKINTHEBOX,CHALLENGE_DESC_JACKINTHEBOX,,3.5,0.25,0.75,0.25,1,mp_challenge_complete,,challenge
ch_carnie,CHALLENGE_CARNIE,CHALLENGE_DESC_CARNIE,,3.5,0.25,0.75,0.25,1,mp_challenge_complete,,challenge
ch_masterblaster,CHALLENGE_MASTERBLASTER,CHALLENGE_DESC_MASTERBLASTER,,3.5,0.25,0.75,0.25,1,mp_challenge_complete,,challenge
ch_bullseye,CHALLENGE_BULLSEYE,CHALLENGE_DESC_BULLSEYE,,3.5,0.25,0.75,0.25,1,mp_challenge_complete,,challenge
ch_c4shot,CHALLENGE_C4SHOT,CHALLENGE_DESC_C4SHOT,,3.5,0.25,0.75,0.25,1,mp_challenge_complete,,challenge
ch_didyouseethat,CHALLENGE_DIDYOUSEETHAT,CHALLENGE_DESC_DIDYOUSEETHAT,,3.5,0.25,0.75,0.25,1,mp_challenge_complete,,challenge
ch_darkbringer,CHALLENGE_DARKBRINGER,CHALLENGE_DESC_DARKBRINGER,,3.5,0.25,0.75,0.25,1,mp_challenge_complete,,challenge
ch_tacticaldeletion,CHALLENGE_TACTICALDELETION,CHALLENGE_DESC_TACTICALDELETION,,3.5,0.25,0.75,0.25,1,mp_challenge_complete,,challenge
ch_its_personal,CHALLENGE_ITS_PERSONAL,CHALLENGE_DESC_ITS_PERSONAL,,3.5,0.25,0.75,0.25,1,mp_challenge_complete,,challenge
ch_heads_up,CHALLENGE_HEADS_UP,CHALLENGE_DESC_HEADS_UP,,3.5,0.25,0.75,0.25,1,mp_challenge_complete,,challenge
ch_looknohands,CHALLENGE_LOOKNOHANDS,CHALLENGE_DESC_LOOKNOHANDS,,3.5,0.25,0.75,0.25,1,mp_challenge_complete,,challenge
ch_predator,CHALLENGE_PREDATOR,CHALLENGE_DESC_PREDATOR,,3.5,0.25,0.75,0.25,1,mp_challenge_complete,,challenge
ch_carpetbomber,CHALLENGE_CARPETBOMBER,CHALLENGE_DESC_CARPETBOMBER,,3.5,0.25,0.75,0.25,1,mp_challenge_complete,,challenge
ch_yourefired,CHALLENGE_YOUREFIRED,CHALLENGE_DESC_YOUREFIRED,,3.5,0.25,0.75,0.25,1,mp_challenge_complete,,challenge
ch_choppervet,CHALLENGE_CHOPPER_VETERAN,CHALLENGE_KILL_N_ENEMIES_BY_CALLING1,,3.5,0.25,0.75,0.25,1,mp_challenge_complete,,challenge
ch_jollygreengiant,CHALLENGE_JOLLYGREENGIANT,CHALLENGE_DESC_JOLLYGREENGIANT,,3.5,0.25,0.75,0.25,1,mp_challenge_complete,,challenge
ch_thespirit,CHALLENGE_THESPIRIT,CHALLENGE_DESC_THESPIRIT,,3.5,0.25,0.75,0.25,1,mp_challenge_complete,,challenge
ch_cobracommander,CHALLENGE_COBRACOMMANDER,CHALLENGE_DESC_COBRACOMMANDER,,3.5,0.25,0.75,0.25,1,mp_challenge_complete,,challenge
ch_spectre,CHALLENGE_SPECTRE,CHALLENGE_DESC_SPECTRE,,3.5,0.25,0.75,0.25,1,mp_challenge_complete,,challenge
ch_droppincrates,CHALLENGE_DROPPINCRATES,CHALLENGE_DESC_DROPPINCRATES,,3.5,0.25,0.75,0.25,1,mp_challenge_complete,,challenge
ch_absentee,CHALLENGE_ABSENTEE,CHALLENGE_DESC_ABSENTEE,,3.5,0.25,0.75,0.25,1,mp_challenge_complete,,challenge
ch_dronekiller,CHALLENGE_DRONEKILLER,CHALLENGE_DESC_DRONEKILLER,,3.5,0.25,0.75,0.25,1,mp_challenge_complete,,challenge
ch_finishingtouch,CHALLENGE_FINISHINGTOUCH,CHALLENGE_DESC_FINISHINGTOUCH,,3.5,0.25,0.75,0.25,1,mp_challenge_complete,,challenge
ch_truelies,CHALLENGE_TRUELIES,CHALLENGE_DESC_TRUELIES,,3.5,0.25,0.75,0.25,1,mp_challenge_complete,,challenge
ch_og,CHALLENGE_OG,CHALLENGE_DESC_OG,,3.5,0.25,0.75,0.25,1,mp_challenge_complete,,challenge
ch_transformer,CHALLENGE_TRANSFORMER,CHALLENGE_DESC_TRANSFORMER,,3.5,0.25,0.75,0.25,1,mp_challenge_complete,,challenge
ch_technokiller,CHALLENGE_TECHNOKILLER,CHALLENGE_DESC_TECHNOKILLER,,3.5,0.25,0.75,0.25,1,mp_challenge_complete,,challenge
ch_hidef,CHALLENGE_HIDEF,CHALLENGE_DESC_HIDEF,,3.5,0.25,0.75,0.25,1,mp_challenge_complete,,challenge
ch_deathfromabove,CHALLENGE_DEATHFROMABOVE,CHALLENGE_DESC_DEATHFROMABOVE,,3.5,0.25,0.75,0.25,1,mp_challenge_complete,,challenge
ch_theedge,CHALLENGE_THE_EDGE,CHALLENGE_GET_THE_MATCH_WINNING_KILL_N_TIMES,,3.5,0.25,0.75,0.25,1,mp_challenge_complete,,challenge
ch_unbelievable,CHALLENGE_UNBELIEVABLE,CHALLENGE_DESC_UNBELIEVABLE,,3.5,0.25,0.75,0.25,1,mp_challenge_complete,,challenge
ch_owned,CHALLENGE_OWNED,CHALLENGE_DESC_OWNED,,3.5,0.25,0.75,0.25,1,mp_challenge_complete,,challenge
ch_stickman,CHALLENGE_STICKMAN,CHALLENGE_DESC_STICKMAN,,3.5,0.25,0.75,0.25,1,mp_challenge_complete,,challenge
ch_lastresort,CHALLENGE_LASTRESORT,CHALLENGE_DESC_LASTRESORT,,3.5,0.25,0.75,0.25,1,mp_challenge_complete,,challenge
ch_ghillie,CHALLENGE_GHILLIE,CHALLENGE_DESC_GHILLIE,,3.5,0.25,0.75,0.25,1,mp_challenge_complete,,challenge
ch_hotpotato,CHALLENGE_HOT_POTATO,CHALLENGE_KILL_N_ENEMIES_WITH_THROWN,,3.5,0.25,0.75,0.25,1,mp_challenge_complete,,challenge
ch_carbomb,CHALLENGE_CAR_BOMB,CHALLENGE_DESC_CAR_BOMB,,3.5,0.25,0.75,0.25,1,mp_challenge_complete,,challenge
ch_backstabber,CHALLENGE_BACKSTABBER,CHALLENGE_STAB_AN_ENEMY_IN_THE,,3.5,0.25,0.75,0.25,1,mp_challenge_complete,,challenge
ch_slowbutsure,CHALLENGE_SLOW_BUT_SURE,CHALLENGE_KILL_1_ENEMY_WHILE_BEING,,3.5,0.25,0.75,0.25,1,mp_challenge_complete,,challenge
ch_miserylovescompany,CHALLENGE_MISERY_LOVES_COMPANY,CHALLENGE_KILL_YOURSELF_AND_1_ENEMY,,3.5,0.25,0.75,0.25,1,mp_challenge_complete,,challenge
ch_ouch,CHALLENGE_OUCH,CHALLENGE_KILL_N_ENEMIES_WITH_A_RIFLEMOUNTED,,3.5,0.25,0.75,0.25,1,mp_challenge_complete,,challenge
ch_rival,CHALLENGE_RIVAL,CHALLENGE_KILL_THE_SAME_ENEMY_5,,3.5,0.25,0.75,0.25,1,mp_challenge_complete,,challenge
ch_cruelty,CHALLENGE_CRUELTY,CHALLENGE_KILL_AN_ENEMY_PICK_UP,,3.5,0.25,0.75,0.25,1,mp_challenge_complete,,challenge
ch_thinkfast,CHALLENGE_THINK_FAST,CHALLENGE_FINISH_AN_ENEMY_OFF_BY,,3.5,0.25,0.75,0.25,1,mp_challenge_complete,,challenge
ch_thinkfastconcussion,CHALLENGE_THINK_FAST_STUN,CHALLENGE_FINISH_AN_ENEMY_OFF_BY1,,3.5,0.25,0.75,0.25,1,mp_challenge_complete,,challenge
ch_thinkfastflash,CHALLENGE_THINK_FAST_FLASH,CHALLENGE_FINISH_AN_ENEMY_OFF_BY2,,3.5,0.25,0.75,0.25,1,mp_challenge_complete,,challenge
ch_returntosender,CHALLENGE_RETURN_TO_SENDER,CHALLENGE_KILL_AN_ENEMY_BY_SHOOTING,,3.5,0.25,0.75,0.25,1,mp_challenge_complete,,challenge
ch_blindfire,CHALLENGE_BLINDFIRE,CHALLENGE_KILL_AN_ENEMY_WHILE_YOU,,3.5,0.25,0.75,0.25,1,mp_challenge_complete,,challenge
ch_hardlanding,CHALLENGE_HARD_LANDING,CHALLENGE_KILL_AN_ENEMY_THAT_IS,,3.5,0.25,0.75,0.25,1,mp_challenge_complete,,challenge
ch_extremecruelty,CHALLENGE_EXTREME_CRUELTY,CHALLENGE_KILL_EVERY_MEMBER_OF1,,3.5,0.25,0.75,0.25,1,mp_challenge_complete,,challenge
ch_tangodown,CHALLENGE_TANGO_DOWN,CHALLENGE_KILL_EVERY_MEMBER_OF,,3.5,0.25,0.75,0.25,1,mp_challenge_complete,,challenge
ch_countermvp,CHALLENGE_COUNTERMVP,CHALLENGE_KILL_THE_1_PLAYER_ON,,3.5,0.25,0.75,0.25,1,mp_challenge_complete,,challenge
ch_goodbye,CHALLENGE_GOODBYE,CHALLENGE_FALL_30_FEET_OR_MORE,,3.5,0.25,0.75,0.25,1,mp_challenge_complete,,challenge
ch_basejump,CHALLENGE_BASE_JUMP,CHALLENGE_FALL_15_FEET_OR_MORE,,3.5,0.25,0.75,0.25,1,mp_challenge_complete,,challenge
ch_flyswatter,CHALLENGE_FLYSWATTER,CHALLENGE_SHOOT_DOWN_AN_ENEMY_HELICOPTER,,3.5,0.25,0.75,0.25,1,mp_challenge_complete,,challenge
ch_vandalism,CHALLENGE_VANDALISM,CHALLENGE_KILL_1_ENEMY_BY_DESTROYING,,3.5,0.25,0.75,0.25,1,mp_challenge_complete,,challenge
ch_crouchshot,CHALLENGE_CROUCH_SHOT,CHALLENGE_KILL_N_ENEMIES_WHILE_CROUCHING,,3.5,0.25,0.75,0.25,1,mp_challenge_complete,,challenge
ch_proneshot,CHALLENGE_PRONE_SHOT,CHALLENGE_KILL_N_ENEMIES_WHILE_PRONE,,3.5,0.25,0.75,0.25,1,mp_challenge_complete,,challenge
ch_assists,CHALLENGE_POINT_GUARD,CHALLENGE_GET_N_ASSISTS,,3.5,0.25,0.75,0.25,1,mp_challenge_complete,,challenge
ch_xrayvision,CHALLENGE_XRAY_VISION,CHALLENGE_KILL_N_ENEMY_THROUGH,,3.5,0.25,0.75,0.25,1,mp_challenge_complete,,challenge
ch_backdraft,CHALLENGE_BACKDRAFT,CHALLENGE_DESTROY_N_ENEMY_EXPLOSIVES,,3.5,0.25,0.75,0.25,1,mp_challenge_complete,,challenge
ch_shieldvet,CHALLENGE_SHIELD_VETERAN,CHALLENGE_KILL_N_ENEMY_WITH_SHIELD,,3.5,0.25,0.75,0.25,1,mp_challenge_complete,,challenge
ch_smasher,CHALLENGE_SMASHER,CHALLENGE_GET_A_3_SHIELD_KILL_STREAK,,3.5,0.25,0.75,0.25,1,mp_challenge_complete,,challenge
ch_backsmasher,CHALLENGE_BACKSMASHER,CHALLENGE_CRUSH_AN_ENEMY,,3.5,0.25,0.75,0.25,1,mp_challenge_complete,,challenge
ch_shield_damage,CHALLENGE_SHIELD_DAMAGE,CHALLENGE_DESC_SHIELD_DAMAGE,,3.5,0.25,0.75,0.25,1,mp_challenge_complete,,challenge
ch_shield_bullet,CHALLENGE_SHIELD_BULLET,CHALLENGE_DESC_SHIELD_BULLET,,3.5,0.25,0.75,0.25,1,mp_challenge_complete,,challenge
ch_shield_explosive,CHALLENGE_SHIELD_EXPLOSIVE,CHALLENGE_DESC_SHIELD_EXPLOSIVE,,3.5,0.25,0.75,0.25,1,mp_challenge_complete,,challenge
ch_surgical_assault,CHALLENGE_SURGICAL_ASSAULT,CHALLENGE_DESC_SURGICAL_ASSAULT,,3.5,0.25,0.75,0.25,1,mp_challenge_complete,,challenge
ch_surgical_smg,CHALLENGE_SURGICAL_SMG,CHALLENGE_DESC_SURGICAL_SMG,,3.5,0.25,0.75,0.25,1,mp_challenge_complete,,challenge
ch_surgical_lmg,CHALLENGE_SURGICAL_LMG,CHALLENGE_DESC_SURGICAL_LMG,,3.5,0.25,0.75,0.25,1,mp_challenge_complete,,challenge
ch_surgical_sniper,CHALLENGE_SURGICAL_SNIPER,CHALLENGE_DESC_SURGICAL_SNIPER,,3.5,0.25,0.75,0.25,1,mp_challenge_complete,,challenge
ch_expert_assault,CHALLENGE_ASSAULT_EXPERT,CHALLENGE_KILL_N_ENEMIES_WITH_A1,,3.5,0.25,0.75,0.25,1,mp_challenge_complete,,challenge
ch_expert_smg,CHALLENGE_SMG_EXPERT,CHALLENGE_KILL_N_ENEMIES_WITH_HEADSHOTS,,3.5,0.25,0.75,0.25,1,mp_challenge_complete,,challenge
ch_expert_lmg,CHALLENGE_LMG_EXPERT,CHALLENGE_KILL_N_ENEMIES_WITH_HEADSHOTS1,,3.5,0.25,0.75,0.25,1,mp_challenge_complete,,challenge
ch_multirpg,CHALLENGE_MULTIRPG,CHALLENGE_KILL_2_OR_MORE_ENEMIES,,3.5,0.25,0.75,0.25,1,mp_challenge_complete,,challenge
ch_multiclaymore,CHALLENGE_CLAY_MORE,CHALLENGE_KILL_2_OR_MORE_ENEMIES1,,3.5,0.25,0.75,0.25,1,mp_challenge_complete,,challenge
ch_multifrag,CHALLENGE_MULTIFRAG,CHALLENGE_KILL_2_OR_MORE_ENEMIES2,,3.5,0.25,0.75,0.25,1,mp_challenge_complete,,challenge
ch_multic4,CHALLENGE_MULTIC4,CHALLENGE_KILL_2_OR_MORE_ENEMIES3,,3.5,0.25,0.75,0.25,1,mp_challenge_complete,,challenge
ch_collateraldamage,CHALLENGE_COLLATERAL_DAMAGE,CHALLENGE_KILL_2_OR_MORE_ENEMIES4,,3.5,0.25,0.75,0.25,1,mp_challenge_complete,,challenge
ch_flawless,CHALLENGE_FLAWLESS,CHALLENGE_PLAY_AN_ENTIRE_FULLLENGTH,,3.5,0.25,0.75,0.25,1,mp_challenge_complete,,challenge
ch_fearless,CHALLENGE_FEARLESS,CHALLENGE_KILL_10_ENEMIES_IN_A,,3.5,0.25,0.75,0.25,1,mp_challenge_complete,,challenge
ch_grouphug,CHALLENGE_GROUPHUG,CHALLENGE_DESC_GROUPHUG,,3.5,0.25,0.75,0.25,1,mp_challenge_complete,,challenge
ch_nbk,CHALLENGE_NBK,CHALLENGE_DESC_NBK,,3.5,0.25,0.75,0.25,1,mp_challenge_complete,,challenge
ch_allpro,CHALLENGE_ALLPRO,CHALLENGE_DESC_ALLPRO,,3.5,0.25,0.75,0.25,1,mp_challenge_complete,,challenge
ch_airborne,CHALLENGE_AIRBORNE,CHALLENGE_GET_A_2_KILL_STREAK_WHILE,,3.5,0.25,0.75,0.25,1,mp_challenge_complete,,challenge
ch_moneyshot,CHALLENGE_MONEYSHOT,CHALLENGE_DESC_MONEYSHOT,,3.5,0.25,0.75,0.25,1,mp_challenge_complete,,challenge
ch_robinhood,CHALLENGE_ROBINHOOD,CHALLENGE_DESC_ROBINHOOD,,3.5,0.25,0.75,0.25,1,mp_challenge_complete,,challenge
ch_bangforbuck,CHALLENGE_BANGFORBUCK,CHALLENGE_DESC_BANGFORBUCK,,3.5,0.25,0.75,0.25,1,mp_challenge_complete,,challenge
ch_overdraft,CHALLENGE_OVERDRAFT,CHALLENGE_DESC_OVERDRAFT,,3.5,0.25,0.75,0.25,1,mp_challenge_complete,,challenge
ch_identitytheft,CHALLENGE_IDENTITYTHEFT,CHALLENGE_DESC_IDENTITYTHEFT,,3.5,0.25,0.75,0.25,1,mp_challenge_complete,,challenge
ch_atm,CHALLENGE_ATM,CHALLENGE_DESC_ATM,,3.5,0.25,0.75,0.25,1,mp_challenge_complete,,challenge
ch_timeismoney,CHALLENGE_TIMEISMONEY,CHALLENGE_DESC_TIMEISMONEY,,3.5,0.25,0.75,0.25,1,mp_challenge_complete,,challenge
ch_iamrich,CHALLENGE_IAMRICH,CHALLENGE_DESC_IAMRICH,,3.5,0.25,0.75,0.25,1,mp_challenge_complete,,challenge
ch_breakbank,CHALLENGE_BREAKBANK,CHALLENGE_DESC_BREAKBANK,,3.5,0.25,0.75,0.25,1,mp_challenge_complete,,challenge
ch_colorofmoney,CHALLENGE_COLOROFMONEY,CHALLENGE_DESC_COLOROFMONEY,,3.5,0.25,0.75,0.25,1,mp_challenge_complete,,challenge
ch_neverforget,CHALLENGE_NEVERFORGET,CHALLENGE_DESC_NEVERFORGET,,3.5,0.25,0.75,0.25,1,mp_challenge_complete,,challenge
ch_thebrink,CHALLENGE_THE_BRINK,CHALLENGE_GET_A_3_OR_MORE_KILL,,3.5,0.25,0.75,0.25,1,mp_challenge_complete,,challenge
ch_fastswap,CHALLENGE_FAST_SWAP,CHALLENGE_HURT_AN_ENEMY_WITH_A,,3.5,0.25,0.75,0.25,1,mp_challenge_complete,,challenge
ch_starplayer,CHALLENGE_STAR_PLAYER,CHALLENGE_PLAY_AN_ENTIRE_MATCH,,3.5,0.25,0.75,0.25,1,mp_challenge_complete,,challenge
ch_howthe,CHALLENGE_HOW_THE_,CHALLENGE_KILL_AN_ENEMY_BY_USING,,3.5,0.25,0.75,0.25,1,mp_challenge_complete,,challenge
ch_dominos,CHALLENGE_DOMINOS,CHALLENGE_KILL_AN_ENEMY_BY_SETTING,,3.5,0.25,0.75,0.25,1,mp_challenge_complete,,challenge
ch_masterchef,CHALLENGE_MASTER_CHEF,CHALLENGE_KILL_N_ENEMIES_WITH_COOKED,,3.5,0.25,0.75,0.25,1,mp_challenge_complete,,challenge
ch_invincible,CHALLENGE_INVINCIBLE,CHALLENGE_GET_5_HEALTH_REGENERATIONS,,3.5,0.25,0.75,0.25,1,mp_challenge_complete,,challenge
ch_survivalist,CHALLENGE_SURVIVALIST,CHALLENGE_SURVIVE_FOR_5_CONSECUTIVE,,3.5,0.25,0.75,0.25,1,mp_challenge_complete,,challenge
ch_counterclaymore,CHALLENGE_COUNTERCLAYMORE,CHALLENGE_KILL_N_ENEMIES_BY_SHOOTING,,3.5,0.25,0.75,0.25,1,mp_challenge_complete,,challenge
ch_counterc4,CHALLENGE_COUNTERC4,CHALLENGE_KILL_N_ENEMIES_BY_SHOOTING1,,3.5,0.25,0.75,0.25,1,mp_challenge_complete,,challenge
ch_enemyofthestate,CHALLENGE_ENEMYOFTHESTATE,CHALLENGE_DESC_ENEMYOFTHESTATE,,3.5,0.25,0.75,0.25,1,mp_challenge_complete,,challenge
ch_resourceful,CHALLENGE_RESOURCEFUL,CHALLENGE_DESC_RESOURCEFUL,,3.5,0.25,0.75,0.25,1,mp_challenge_complete,,challenge
ch_survivor,CHALLENGE_SURVIVOR,CHALLENGE_DESC_SURVIVOR,,3.5,0.25,0.75,0.25,1,mp_challenge_complete,,challenge
ch_bothbarrels,CHALLENGE_BOTHBARRELS,CHALLENGE_DESC_BOTHBARRELS,,3.5,0.25,0.75,0.25,1,mp_challenge_complete,,challenge
ch_omnicide,CHALLENGE_OMNICIDE,CHALLENGE_DESC_OMNICIDE,,3.5,0.25,0.75,0.25,1,mp_challenge_complete,,challenge
ch_wargasm,CHALLENGE_WARGASM,CHALLENGE_DESC_WARGASM,,3.5,0.25,0.75,0.25,1,mp_challenge_complete,,challenge
ch_thebiggertheyare,CHALLENGE_THEBIGGERTHEYARE,CHALLENGE_DESC_THEBIGGERTHEYARE,,3.5,0.25,0.75,0.25,1,mp_challenge_complete,,challenge
ch_thehardertheyfall,CHALLENGE_THEHARDERTHEYFALL,CHALLENGE_DESC_THEHARDERTHEYFALL,,3.5,0.25,0.75,0.25,1,mp_challenge_complete,,challenge
ch_crabmeat,CHALLENGE_CRABMEAT,CHALLENGE_DESC_CRABMEAT,,3.5,0.25,0.75,0.25,1,mp_challenge_complete,,challenge
ch_wopr,CHALLENGE_WOPR,CHALLENGE_DESC_WOPR,,3.5,0.25,0.75,0.25,1,mp_challenge_complete,,challenge
ch_thedenier,CHALLENGE_THEDENIER,CHALLENGE_DESC_THEDENIER,,3.5,0.25,0.75,0.25,1,mp_challenge_complete,,challenge
ch_carpetbomb,CHALLENGE_CARPET_BOMB,CHALLENGE_KILL_5_ENEMIES_WITH_A3,,3.5,0.25,0.75,0.25,1,mp_challenge_complete,,challenge
ch_redcarpet,CHALLENGE_RED_CARPET,CHALLENGE_DESC_RED_CARPET,,3.5,0.25,0.75,0.25,1,mp_challenge_complete,,challenge
ch_reaper,CHALLENGE_REAPER,CHALLENGE_DESC_REAPER,,3.5,0.25,0.75,0.25,1,mp_challenge_complete,,challenge
ch_nosecrets,CHALLENGE_NO_SECRETS,CHALLENGE_CALL_IN_A_UAV_3_TIMES,,3.5,0.25,0.75,0.25,1,mp_challenge_complete,,challenge
ch_sunblock,CHALLENGE_SUNBLOCK,CHALLENGE_DESC_SUNBLOCK,,3.5,0.25,0.75,0.25,1,mp_challenge_complete,,challenge
ch_afterburner,CHALLENGE_AFTERBURNER,CHALLENGE_CALL_IN_AN_AIRSTRIKE,,3.5,0.25,0.75,0.25,1,mp_challenge_complete,,challenge
ch_airsuperiority,CHALLENGE_AIR_SUPERIORITY,CHALLENGE_CALL_IN_A_HELICOPTER,,3.5,0.25,0.75,0.25,1,mp_challenge_complete,,challenge
ch_mgmaster,CHALLENGE_MG_MASTER,CHALLENGE_GET_A_5_KILL_STREAK_WHILE,,3.5,0.25,0.75,0.25,1,mp_challenge_complete,,challenge
ch_slasher,CHALLENGE_SLASHER,CHALLENGE_GET_A_3_MELEE_KILL_STREAK,,3.5,0.25,0.75,0.25,1,mp_challenge_complete,,challenge
ch_radiationsickness,CHALLENGE_RADIATIONSICKNESS,CHALLENGE_DESC_RADIATIONSICKNESS,,3.5,0.25,0.75,0.25,1,mp_challenge_complete,,challenge
ch_infected,CHALLENGE_INFECTED,CHALLENGE_DESC_INFECTED,,3.5,0.25,0.75,0.25,1,mp_challenge_complete,,challenge
ch_plague,CHALLENGE_PLAGUE,CHALLENGE_DESC_PLAGUE,,3.5,0.25,0.75,0.25,1,mp_challenge_complete,,challenge
ch_renaissance,CHALLENGE_RENAISSANCE,CHALLENGE_DESC_RENAISSANCE,,3.5,0.25,0.75,0.25,1,mp_challenge_complete,,challenge
ch_theloner,CHALLENGE_THELONER,CHALLENGE_DESC_THELONER,,3.5,0.25,0.75,0.25,1,mp_challenge_complete,,challenge
ch_6fears7,CHALLENGE_6FEARS7,CHALLENGE_DESC_6FEARS7,,3.5,0.25,0.75,0.25,1,mp_challenge_complete,,challenge
ch_thenumb,CHALLENGE_THENUMB,CHALLENGE_DESC_THENUMB,,3.5,0.25,0.75,0.25,1,mp_challenge_complete,,challenge
ch_martyr,CHALLENGE_MARTYR,CHALLENGE_DESC_MARTYR,,3.5,0.25,0.75,0.25,1,mp_challenge_complete,,challenge
ch_livingdead,CHALLENGE_LIVINGDEAD,CHALLENGE_DESC_LIVINGDEAD,,3.5,0.25,0.75,0.25,1,mp_challenge_complete,,challenge
ch_sidekick,CHALLENGE_SIDEKICK,CHALLENGE_DESC_SIDEKICK,,3.5,0.25,0.75,0.25,1,mp_challenge_complete,,challenge
ch_clickclickboom,CHALLENGE_CLICKCLICKBOOM,CHALLENGE_DESC_CLICKCLICKBOOM,,3.5,0.25,0.75,0.25,1,mp_challenge_complete,,challenge
ch_hijacker,CHALLENGE_HIJACKER,CHALLENGE_DESC_HIJACKER,,3.5,0.25,0.75,0.25,1,mp_challenge_complete,,challenge
ch_no,CHALLENGE_NO,CHALLENGE_DESC_NO,,3.5,0.25,0.75,0.25,1,mp_challenge_complete,,challenge
ch_avenger,CHALLENGE_AVENGER,CHALLENGE_DESC_AVENGER,,3.5,0.25,0.75,0.25,1,mp_challenge_complete,,challenge
ch_victor_dm,CHALLENGE_FREEFORALL_VICTOR,CHALLENGE_PLACE_IN_THE_TOP_3_IN,,3.5,0.25,0.75,0.25,1,mp_challenge_complete,,challenge
ch_teamplayer,CHALLENGE_TEAM_PLAYER,CHALLENGE_WIN_N_TEAM_DEATHMATCH,,3.5,0.25,0.75,0.25,1,mp_challenge_complete,,challenge
ch_victor_sd,CHALLENGE_SD_VICTOR,CHALLENGE_WIN_N_SEARCH_AND_DESTROY,,3.5,0.25,0.75,0.25,1,mp_challenge_complete,,challenge
ch_mvp_tdm,CHALLENGE_MVP_TEAM_DEATHMATCH,CHALLENGE_PLAY_TEAM_DEATHMATCH,,3.5,0.25,0.75,0.25,1,mp_challenge_complete,,challenge
ch_teamplayer_hc,CHALLENGE_HARDCORE_TEAM_PLAYER,CHALLENGE_WIN_N_HARDCORE_TEAM_DEATHMATCH,,3.5,0.25,0.75,0.25,1,mp_challenge_complete,,challenge
ch_victor_sab,CHALLENGE_SABOTAGE_VICTOR,CHALLENGE_WIN_N_SABOTAGE_MATCHES,,3.5,0.25,0.75,0.25,1,mp_challenge_complete,,challenge
ch_mvp_thc,CHALLENGE_MVP_TEAM_HARDCORE,CHALLENGE_WIN_A_TEAM_HARDCORE_MATCH,,3.5,0.25,0.75,0.25,1,mp_challenge_complete,,challenge
ch_bombdown,CHALLENGE_BOMB_DOWN,CHALLENGE_KILL_THE_BOMB_CARRIER,,3.5,0.25,0.75,0.25,1,mp_challenge_complete,,challenge
ch_bombdefender,CHALLENGE_BOMB_DEFENDER,CHALLENGE_KILL_A_BOMB_DEFUSER_IN,,3.5,0.25,0.75,0.25,1,mp_challenge_complete,,challenge
ch_bombplanter,CHALLENGE_BOMB_PLANTER,CHALLENGE_KILL_A_BOMB_PLANTER_IN,,3.5,0.25,0.75,0.25,1,mp_challenge_complete,,challenge
ch_hero,CHALLENGE_DEFUSER,CHALLENGE_DEFUSE_A_BOMB_IN_SABOTAGE,,3.5,0.25,0.75,0.25,1,mp_challenge_complete,,challenge
ch_lastmanstanding,CHALLENGE_LAST_MAN_STANDING,CHALLENGE_BE_THE_LAST_MAN_STANDING,,3.5,0.25,0.75,0.25,1,mp_challenge_complete,,challenge
ch_saboteur,CHALLENGE_SABOTEUR,CHALLENGE_DESC_SABOTEUR,,3.5,0.25,0.75,0.25,1,mp_challenge_complete,,challenge
ch_knifevet,CHALLENGE_KNIFE_VETERAN,CHALLENGE_KILL_N_ENEMY_WITH_THE,,3.5,0.25,0.75,0.25,1,mp_challenge_complete,,challenge
ch_laststandvet,CHALLENGE_LAST_STAND_VETERAN,CHALLENGE_KILL_N_ENEMY_WHILE_USING,,3.5,0.25,0.75,0.25,1,mp_challenge_complete,,challenge
ch_stealth,CHALLENGE_STEALTH,CHALLENGE_KILL_N_ENEMIES_SILENCED,,3.5,0.25,0.75,0.25,1,mp_challenge_complete,,challenge
ch_concussionvet,CHALLENGE_STUN_VETERAN,CHALLENGE_KILL_N_ENEMIES_STILL,,3.5,0.25,0.75,0.25,1,mp_challenge_complete,,challenge
ch_flashbangvet,CHALLENGE_FLASHBANG_VETERAN,CHALLENGE_KILL_N_ENEMIES_DAZED,,3.5,0.25,0.75,0.25,1,mp_challenge_complete,,challenge
ch_ak47_mastery,CHALLENGE_AK47_MASTERY,CHALLENGE_GET_ALL_ATTACHMENTS,,3.5,0.25,0.75,0.25,1,mp_challenge_complete,,challenge
ch_fal_mastery,CHALLENGE_FAL_MASTERY,CHALLENGE_GET_ALL_ATTACHMENTS,,3.5,0.25,0.75,0.25,1,mp_challenge_complete,,challenge
ch_famas_mastery,CHALLENGE_FAMAS_MASTERY,CHALLENGE_GET_ALL_ATTACHMENTS,,3.5,0.25,0.75,0.25,1,mp_challenge_complete,,challenge
ch_fn2000_mastery,CHALLENGE_FN2000_MASTERY,CHALLENGE_GET_ALL_ATTACHMENTS,,3.5,0.25,0.75,0.25,1,mp_challenge_complete,,challenge
ch_m4_mastery,CHALLENGE_M4_MASTERY,CHALLENGE_GET_ALL_ATTACHMENTS,,3.5,0.25,0.75,0.25,1,mp_challenge_complete,,challenge
ch_m16_mastery,CHALLENGE_M16_MASTERY,CHALLENGE_GET_ALL_ATTACHMENTS,,3.5,0.25,0.75,0.25,1,mp_challenge_complete,,challenge
ch_masada_mastery,CHALLENGE_MASADA_MASTERY,CHALLENGE_GET_ALL_ATTACHMENTS,,3.5,0.25,0.75,0.25,1,mp_challenge_complete,,challenge
ch_scar_mastery,CHALLENGE_SCAR_MASTERY,CHALLENGE_GET_ALL_ATTACHMENTS,,3.5,0.25,0.75,0.25,1,mp_challenge_complete,,challenge
ch_tavor_mastery,CHALLENGE_TAVOR_MASTERY,CHALLENGE_GET_ALL_ATTACHMENTS,,3.5,0.25,0.75,0.25,1,mp_challenge_complete,,challenge
ch_mp5k_mastery,CHALLENGE_MP5K_MASTERY,CHALLENGE_GET_ALL_ATTACHMENTS,,3.5,0.25,0.75,0.25,1,mp_challenge_complete,,challenge
ch_uzi_mastery,CHALLENGE_UZI_MASTERY,CHALLENGE_GET_ALL_ATTACHMENTS,,3.5,0.25,0.75,0.25,1,mp_challenge_complete,,challenge
ch_kriss_mastery,CHALLENGE_KRISS_MASTERY,CHALLENGE_GET_ALL_ATTACHMENTS,,3.5,0.25,0.75,0.25,1,mp_challenge_complete,,challenge
ch_ump45_mastery,CHALLENGE_UMP45_MASTERY,CHALLENGE_GET_ALL_ATTACHMENTS,,3.5,0.25,0.75,0.25,1,mp_challenge_complete,,challenge
ch_p90_mastery,CHALLENGE_P90_MASTERY,CHALLENGE_GET_ALL_ATTACHMENTS,,3.5,0.25,0.75,0.25,1,mp_challenge_complete,,challenge
ch_m240_mastery,CHALLENGE_M240_MASTERY,CHALLENGE_GET_ALL_ATTACHMENTS,,3.5,0.25,0.75,0.25,1,mp_challenge_complete,,challenge
ch_aug_mastery,CHALLENGE_AUG_MASTERY,CHALLENGE_GET_ALL_ATTACHMENTS,,3.5,0.25,0.75,0.25,1,mp_challenge_complete,,challenge
ch_sa80_mastery,CHALLENGE_SA80_MASTERY,CHALLENGE_GET_ALL_ATTACHMENTS,,3.5,0.25,0.75,0.25,1,mp_challenge_complete,,challenge
ch_rpd_mastery,CHALLENGE_RPD_MASTERY,CHALLENGE_GET_ALL_ATTACHMENTS,,3.5,0.25,0.75,0.25,1,mp_challenge_complete,,challenge
ch_mg4_mastery,CHALLENGE_MG4_MASTERY,CHALLENGE_GET_ALL_ATTACHMENTS,,3.5,0.25,0.75,0.25,1,mp_challenge_complete,,challenge
ch_cheytac_mastery,CHALLENGE_CHEYTAC_MASTERY,CHALLENGE_GET_ALL_ATTACHMENTS,,3.5,0.25,0.75,0.25,1,mp_challenge_complete,,challenge
ch_barrett_mastery,CHALLENGE_BARRETT_MASTERY,CHALLENGE_GET_ALL_ATTACHMENTS,,3.5,0.25,0.75,0.25,1,mp_challenge_complete,,challenge
ch_m21_mastery,CHALLENGE_M21_MASTERY,CHALLENGE_GET_ALL_ATTACHMENTS,,3.5,0.25,0.75,0.25,1,mp_challenge_complete,,challenge
ch_wa2000_mastery,CHALLENGE_WA2000_MASTERY,CHALLENGE_GET_ALL_ATTACHMENTS,,3.5,0.25,0.75,0.25,1,mp_challenge_complete,,challenge
pr_marksman_ak47,#,CHALLENGE_GET_N_KILLS,,3.5,0.25,0.75,0.25,1,mp_challenge_complete,,challenge
pr_expert_ak47,#,CHALLENGE_GET_N_HEADSHOTS,,3.5,0.25,0.75,0.25,1,mp_challenge_complete,,challenge
pr_marksman_fal,#,CHALLENGE_GET_N_KILLS,,3.5,0.25,0.75,0.25,1,mp_challenge_complete,,challenge
pr_expert_fal,#,CHALLENGE_GET_N_HEADSHOTS,,3.5,0.25,0.75,0.25,1,mp_challenge_complete,,challenge
pr_marksman_famas,#,CHALLENGE_GET_N_KILLS,,3.5,0.25,0.75,0.25,1,mp_challenge_complete,,challenge
pr_expert_famas,#,CHALLENGE_GET_N_HEADSHOTS,,3.5,0.25,0.75,0.25,1,mp_challenge_complete,,challenge
pr_marksman_fn2000,#,CHALLENGE_GET_N_KILLS,,3.5,0.25,0.75,0.25,1,mp_challenge_complete,,challenge
pr_expert_fn2000,#,CHALLENGE_GET_N_HEADSHOTS,,3.5,0.25,0.75,0.25,1,mp_challenge_complete,,challenge
pr_marksman_m4,#,CHALLENGE_GET_N_KILLS,,3.5,0.25,0.75,0.25,1,mp_challenge_complete,,challenge
pr_expert_m4,#,CHALLENGE_GET_N_HEADSHOTS,,3.5,0.25,0.75,0.25,1,mp_challenge_complete,,challenge
pr_marksman_m16,#,CHALLENGE_GET_N_KILLS,,3.5,0.25,0.75,0.25,1,mp_challenge_complete,,challenge
pr_expert_m16,#,CHALLENGE_GET_N_HEADSHOTS,,3.5,0.25,0.75,0.25,1,mp_challenge_complete,,challenge
pr_marksman_masada,#,CHALLENGE_GET_N_KILLS,,3.5,0.25,0.75,0.25,1,mp_challenge_complete,,challenge
pr_expert_masada,#,CHALLENGE_GET_N_HEADSHOTS,,3.5,0.25,0.75,0.25,1,mp_challenge_complete,,challenge
pr_marksman_scar,#,CHALLENGE_GET_N_KILLS,,3.5,0.25,0.75,0.25,1,mp_challenge_complete,,challenge
pr_expert_scar,#,CHALLENGE_GET_N_HEADSHOTS,,3.5,0.25,0.75,0.25,1,mp_challenge_complete,,challenge
pr_marksman_tavor,#,CHALLENGE_GET_N_KILLS,,3.5,0.25,0.75,0.25,1,mp_challenge_complete,,challenge
pr_expert_tavor,#,CHALLENGE_GET_N_HEADSHOTS,,3.5,0.25,0.75,0.25,1,mp_challenge_complete,,challenge
pr_marksman_mp5k,#,CHALLENGE_GET_N_KILLS,,3.5,0.25,0.75,0.25,1,mp_challenge_complete,,challenge
pr_expert_mp5k,#,CHALLENGE_GET_N_HEADSHOTS,,3.5,0.25,0.75,0.25,1,mp_challenge_complete,,challenge
pr_marksman_uzi,#,CHALLENGE_GET_N_KILLS,,3.5,0.25,0.75,0.25,1,mp_challenge_complete,,challenge
pr_expert_uzi,#,CHALLENGE_GET_N_HEADSHOTS,,3.5,0.25,0.75,0.25,1,mp_challenge_complete,,challenge
pr_marksman_kriss,#,CHALLENGE_GET_N_KILLS,,3.5,0.25,0.75,0.25,1,mp_challenge_complete,,challenge
pr_expert_kriss,#,CHALLENGE_GET_N_HEADSHOTS,,3.5,0.25,0.75,0.25,1,mp_challenge_complete,,challenge
pr_marksman_ump45,#,CHALLENGE_GET_N_KILLS,,3.5,0.25,0.75,0.25,1,mp_challenge_complete,,challenge
pr_expert_ump45,#,CHALLENGE_GET_N_HEADSHOTS,,3.5,0.25,0.75,0.25,1,mp_challenge_complete,,challenge
pr_marksman_p90,#,CHALLENGE_GET_N_KILLS,,3.5,0.25,0.75,0.25,1,mp_challenge_complete,,challenge
pr_expert_p90,#,CHALLENGE_GET_N_HEADSHOTS,,3.5,0.25,0.75,0.25,1,mp_challenge_complete,,challenge
pr_marksman_m240,#,CHALLENGE_GET_N_KILLS,,3.5,0.25,0.75,0.25,1,mp_challenge_complete,,challenge
pr_expert_m240,#,CHALLENGE_GET_N_HEADSHOTS,,3.5,0.25,0.75,0.25,1,mp_challenge_complete,,challenge
pr_marksman_aug,#,CHALLENGE_GET_N_KILLS,,3.5,0.25,0.75,0.25,1,mp_challenge_complete,,challenge
pr_expert_aug,#,CHALLENGE_GET_N_HEADSHOTS,,3.5,0.25,0.75,0.25,1,mp_challenge_complete,,challenge
pr_marksman_sa80,#,CHALLENGE_GET_N_KILLS,,3.5,0.25,0.75,0.25,1,mp_challenge_complete,,challenge
pr_expert_sa80,#,CHALLENGE_GET_N_HEADSHOTS,,3.5,0.25,0.75,0.25,1,mp_challenge_complete,,challenge
pr_marksman_rpd,#,CHALLENGE_GET_N_KILLS,,3.5,0.25,0.75,0.25,1,mp_challenge_complete,,challenge
pr_expert_rpd,#,CHALLENGE_GET_N_HEADSHOTS,,3.5,0.25,0.75,0.25,1,mp_challenge_complete,,challenge
pr_marksman_mg4,#,CHALLENGE_GET_N_KILLS,,3.5,0.25,0.75,0.25,1,mp_challenge_complete,,challenge
pr_expert_mg4,#,CHALLENGE_GET_N_HEADSHOTS,,3.5,0.25,0.75,0.25,1,mp_challenge_complete,,challenge
pr_marksman_cheytac,#,CHALLENGE_GET_N_KILLS,,3.5,0.25,0.75,0.25,1,mp_challenge_complete,,challenge
pr_expert_cheytac,#,CHALLENGE_GET_N_HEADSHOTS,,3.5,0.25,0.75,0.25,1,mp_challenge_complete,,challenge
pr_marksman_barrett,#,CHALLENGE_GET_N_KILLS,,3.5,0.25,0.75,0.25,1,mp_challenge_complete,,challenge
pr_expert_barrett,#,CHALLENGE_GET_N_HEADSHOTS,,3.5,0.25,0.75,0.25,1,mp_challenge_complete,,challenge
pr_marksman_m21,#,CHALLENGE_GET_N_KILLS,,3.5,0.25,0.75,0.25,1,mp_challenge_complete,,challenge
pr_expert_m21,#,CHALLENGE_GET_N_HEADSHOTS,,3.5,0.25,0.75,0.25,1,mp_challenge_complete,,challenge
pr_marksman_wa2000,#,CHALLENGE_GET_N_KILLS,,3.5,0.25,0.75,0.25,1,mp_challenge_complete,,challenge
pr_expert_wa2000,#,CHALLENGE_GET_N_HEADSHOTS,,3.5,0.25,0.75,0.25,1,mp_challenge_complete,,challenge
pr_marksman_glock,#,CHALLENGE_GET_N_KILLS,,3.5,0.25,0.75,0.25,1,mp_challenge_complete,,challenge
pr_expert_glock,#,CHALLENGE_GET_N_HEADSHOTS,,3.5,0.25,0.75,0.25,1,mp_challenge_complete,,challenge
pr_marksman_tmp,#,CHALLENGE_GET_N_KILLS,,3.5,0.25,0.75,0.25,1,mp_challenge_complete,,challenge
pr_expert_tmp,#,CHALLENGE_GET_N_HEADSHOTS,,3.5,0.25,0.75,0.25,1,mp_challenge_complete,,challenge
pr_marksman_beretta393,#,CHALLENGE_GET_N_KILLS,,3.5,0.25,0.75,0.25,1,mp_challenge_complete,,challenge
pr_expert_beretta393,#,CHALLENGE_GET_N_HEADSHOTS,,3.5,0.25,0.75,0.25,1,mp_challenge_complete,,challenge
pr_marksman_pp2000,#,CHALLENGE_GET_N_KILLS,,3.5,0.25,0.75,0.25,1,mp_challenge_complete,,challenge
pr_expert_pp2000,#,CHALLENGE_GET_N_HEADSHOTS,,3.5,0.25,0.75,0.25,1,mp_challenge_complete,,challenge
pr_marksman_striker,#,CHALLENGE_GET_N_KILLS,,3.5,0.25,0.75,0.25,1,mp_challenge_complete,,challenge
pr_expert_striker,#,CHALLENGE_GET_N_HEADSHOTS,,3.5,0.25,0.75,0.25,1,mp_challenge_complete,,challenge
pr_marksman_aa12,#,CHALLENGE_GET_N_KILLS,,3.5,0.25,0.75,0.25,1,mp_challenge_complete,,challenge
pr_expert_aa12,#,CHALLENGE_GET_N_HEADSHOTS,,3.5,0.25,0.75,0.25,1,mp_challenge_complete,,challenge
pr_marksman_m1014,#,CHALLENGE_GET_N_KILLS,,3.5,0.25,0.75,0.25,1,mp_challenge_complete,,challenge
pr_expert_m1014,#,CHALLENGE_GET_N_HEADSHOTS,,3.5,0.25,0.75,0.25,1,mp_challenge_complete,,challenge
pr_marksman_spas12,#,CHALLENGE_GET_N_KILLS,,3.5,0.25,0.75,0.25,1,mp_challenge_complete,,challenge
pr_expert_spas12,#,CHALLENGE_GET_N_HEADSHOTS,,3.5,0.25,0.75,0.25,1,mp_challenge_complete,,challenge
pr_marksman_ranger,#,CHALLENGE_GET_N_KILLS,,3.5,0.25,0.75,0.25,1,mp_challenge_complete,,challenge
pr_expert_ranger,#,CHALLENGE_GET_N_HEADSHOTS,,3.5,0.25,0.75,0.25,1,mp_challenge_complete,,challenge
pr_marksman_model1887,#,CHALLENGE_GET_N_KILLS,,3.5,0.25,0.75,0.25,1,mp_challenge_complete,,challenge
pr_expert_model1887,#,CHALLENGE_GET_N_HEADSHOTS,,3.5,0.25,0.75,0.25,1,mp_challenge_complete,,challenge
pr_marksman_usp,#,CHALLENGE_GET_N_KILLS,,3.5,0.25,0.75,0.25,1,mp_challenge_complete,,challenge
pr_expert_usp,#,CHALLENGE_GET_N_HEADSHOTS,,3.5,0.25,0.75,0.25,1,mp_challenge_complete,,challenge
pr_marksman_beretta,#,CHALLENGE_GET_N_KILLS,,3.5,0.25,0.75,0.25,1,mp_challenge_complete,,challenge
pr_expert_beretta,#,CHALLENGE_GET_N_HEADSHOTS,,3.5,0.25,0.75,0.25,1,mp_challenge_complete,,challenge
pr_marksman_coltanaconda,#,CHALLENGE_GET_N_KILLS,,3.5,0.25,0.75,0.25,1,mp_challenge_complete,,challenge
pr_expert_coltanaconda,#,CHALLENGE_GET_N_HEADSHOTS,,3.5,0.25,0.75,0.25,1,mp_challenge_complete,,challenge
pr_marksman_deserteagle,#,CHALLENGE_GET_N_KILLS,,3.5,0.25,0.75,0.25,1,mp_challenge_complete,,challenge
pr_expert_deserteagle,#,CHALLENGE_GET_N_HEADSHOTS,,3.5,0.25,0.75,0.25,1,mp_challenge_complete,,challenge
pr_marksman_at4,#,CHALLENGE_GET_N_KILLS,,3.5,0.25,0.75,0.25,1,mp_challenge_complete,,challenge
pr_expert_at4,#,CHALLENGE_GET_N_HEADSHOTS,,3.5,0.25,0.75,0.25,1,mp_challenge_complete,,challenge
pr_marksman_rpg,#,CHALLENGE_GET_N_KILLS,,3.5,0.25,0.75,0.25,1,mp_challenge_complete,,challenge
pr_expert_rpg,#,CHALLENGE_GET_N_HEADSHOTS,,3.5,0.25,0.75,0.25,1,mp_challenge_complete,,challenge
pr_marksman_javelin,#,CHALLENGE_GET_N_KILLS,,3.5,0.25,0.75,0.25,1,mp_challenge_complete,,challenge
pr_expert_javelin,#,CHALLENGE_GET_N_HEADSHOTS,,3.5,0.25,0.75,0.25,1,mp_challenge_complete,,challenge
pr_marksman_m79,#,CHALLENGE_GET_N_KILLS,,3.5,0.25,0.75,0.25,1,mp_challenge_complete,,challenge
pr_expert_m79,#,CHALLENGE_GET_N_HEADSHOTS,,3.5,0.25,0.75,0.25,1,mp_challenge_complete,,challenge
pr_marksman_stinger,#,CHALLENGE_GET_N_KILLS,,3.5,0.25,0.75,0.25,1,mp_challenge_complete,,challenge
pr_expert_stinger,#,CHALLENGE_GET_N_HEADSHOTS,,3.5,0.25,0.75,0.25,1,mp_challenge_complete,,challenge