sniper,feature,2,,,,,,,,,,
demolitions,feature,2,,,,,,,,,,
cac,feature,3,,,,,,,,,,
cas,feature,9,,,,,,,,,,
playercard,feature,0,,,,,,,,,,
playercard_title,feature,1,,,,,,,,,,
playercard_icon,feature,1,,,,,,,,,,
token_1,feature,9,,,,,,,,,,
token_2,feature,14,,,,,,,,,,
token_3,feature,22,,,,,,,,,,
token_4,feature,34,,,,,,,,,,
token_5,feature,46,,,,,,,,,,
token_6,feature,50,,,,,,,,,,
token_7,feature,54,,,,,,,,,,
token_8,feature,58,,,,,,,,,,
token_9,feature,62,,,,,,,,,,
token_10,feature,65,,,,,,,,,,
token_11,feature,67,,,,,,,,,,
token_12,feature,68,,,,,,,,,,
ghillie_forest,feature,0,,,,,,,,,,
ghillie_arctic,feature,4,ch_ghillie,,,,,,,,,
ghillie_urban,feature,4,ch_ghillie_2,,,,,,,,,
ghillie_desert,feature,4,ch_ghillie_3,,,,,,,,,
challenges,feature,4,,,,,,,,,,
uav,killstreak,0,,,,,,,,,,
airstrike,killstreak,0,,,,,,,,,,
helicopter,killstreak,0,,,,,,,,,,
ac130,killstreak,0,,,,,,,,,,
predator_missile,killstreak,0,,,,,,,,,,
helicopter_minigun,killstreak,0,,,,,,,,,,
helicopter_mk19,killstreak,0,,,,,,,,,,
nuke,killstreak,0,,,,,,,,,,
double_uav,killstreak,0,,,,,,,,,,
auto_shotgun,killstreak,9999,,,,,,,,,,
precision_airstrike,killstreak,0,,,,,,,,,,
counter_uav,killstreak,0,,,,,,,,,,
sentry,killstreak,0,,,,,,,,,,
sentry_gl,killstreak,9999,,,,,,,,,,
thumper,killstreak,9999,,,,,,,,,,
airdrop,killstreak,0,,,,,,,,,,
tank,killstreak,9999,,,,,,,,,,
airdrop_sentry_minigun,killstreak,0,,,,,,,,,,
airdrop_predator_missile,killstreak,0,,,,,,,,,,
littlebird_support,killstreak,0,,,,,,,,,,
stealth_airstrike,killstreak,0,,,,,,,,,,
harrier_airstrike,killstreak,0,,,,,,,,,,
super_airstrike,killstreak,9999,,,,,,,,,,
helicopter_blackbox,killstreak,9999,,,,,,,,,,
helicopter_flares,killstreak,0,,,,,,,,,,
emp,killstreak,0,,,,,,,,,,
pavelow,killstreak,9999,,,,,,,,,,
cruise_missile,killstreak,9999,,,,,,,,,,
ch_prestige,challenge,0,,,,,,,,,,
tier_prestige,prestige,0,ch_prestige,,,,,,,,,
pr_marksman_ak47,challenge,0,,title,icon,title,,,,,,
pr_expert_ak47,challenge,0,,title,icon,title,,,,,,
pr_marksman_fal,challenge,0,,title,icon,title,,,,,,
pr_expert_fal,challenge,0,,title,icon,title,,,,,,
pr_marksman_famas,challenge,0,,title,icon,title,,,,,,
pr_expert_famas,challenge,0,,title,icon,title,,,,,,
pr_marksman_fn2000,challenge,0,,title,icon,title,,,,,,
pr_expert_fn2000,challenge,0,,title,icon,title,,,,,,
pr_marksman_m4,challenge,0,,title,icon,title,,,,,,
pr_expert_m4,challenge,0,,title,icon,title,,,,,,
pr_marksman_m16,challenge,0,,title,icon,title,,,,,,
pr_expert_m16,challenge,0,,title,icon,title,,,,,,
pr_marksman_masada,challenge,0,,title,icon,title,,,,,,
pr_expert_masada,challenge,0,,title,icon,title,,,,,,
pr_marksman_scar,challenge,0,,title,icon,title,,,,,,
pr_expert_scar,challenge,0,,title,icon,title,,,,,,
pr_marksman_tavor,challenge,0,,title,icon,title,,,,,,
pr_expert_tavor,challenge,0,,title,icon,title,,,,,,
pr_marksman_mp5k,challenge,0,,title,icon,title,,,,,,
pr_expert_mp5k,challenge,0,,title,icon,title,,,,,,
pr_marksman_uzi,challenge,0,,title,icon,title,,,,,,
pr_expert_uzi,challenge,0,,title,icon,title,,,,,,
pr_marksman_kriss,challenge,0,,title,icon,title,,,,,,
pr_expert_kriss,challenge,0,,title,icon,title,,,,,,
pr_marksman_ump45,challenge,0,,title,icon,title,,,,,,
pr_expert_ump45,challenge,0,,title,icon,title,,,,,,
pr_marksman_p90,challenge,0,,title,icon,title,,,,,,
pr_expert_p90,challenge,0,,title,icon,title,,,,,,
pr_marksman_m240,challenge,0,,title,icon,title,,,,,,
pr_expert_m240,challenge,0,,title,icon,title,,,,,,
pr_marksman_aug,challenge,0,,title,icon,title,,,,,,
pr_expert_aug,challenge,0,,title,icon,title,,,,,,
pr_marksman_sa80,challenge,0,,title,icon,title,,,,,,
pr_expert_sa80,challenge,0,,title,icon,title,,,,,,
pr_marksman_rpd,challenge,0,,title,icon,title,,,,,,
pr_expert_rpd,challenge,0,,title,icon,title,,,,,,
pr_marksman_mg4,challenge,0,,title,icon,title,,,,,,
pr_expert_mg4,challenge,0,,title,icon,title,,,,,,
pr_marksman_cheytac,challenge,0,,title,icon,title,,,,,,
pr_expert_cheytac,challenge,0,,title,icon,title,,,,,,
pr_marksman_barrett,challenge,0,,title,icon,title,,,,,,
pr_expert_barrett,challenge,0,,title,icon,title,,,,,,
pr_marksman_m21,challenge,0,,title,icon,title,,,,,,
pr_expert_m21,challenge,0,,title,icon,title,,,,,,
pr_marksman_wa2000,challenge,0,,title,icon,title,,,,,,
pr_expert_wa2000,challenge,0,,title,icon,title,,,,,,
pr_marksman_glock,challenge,0,,title,icon,title,,,,,,
pr_expert_glock,challenge,0,,title,icon,title,,,,,,
pr_marksman_tmp,challenge,0,,title,icon,title,,,,,,
pr_expert_tmp,challenge,0,,title,icon,title,,,,,,
pr_marksman_beretta393,challenge,0,,title,icon,title,,,,,,
pr_expert_beretta393,challenge,0,,title,icon,title,,,,,,
pr_marksman_pp2000,challenge,0,,title,icon,title,,,,,,
pr_expert_pp2000,challenge,0,,title,icon,title,,,,,,
pr_marksman_striker,challenge,0,,title,icon,title,,,,,,
pr_expert_striker,challenge,0,,title,icon,title,,,,,,
pr_marksman_aa12,challenge,0,,title,icon,title,,,,,,
pr_expert_aa12,challenge,0,,title,icon,title,,,,,,
pr_marksman_m1014,challenge,0,,title,icon,title,,,,,,
pr_expert_m1014,challenge,0,,title,icon,title,,,,,,
pr_marksman_spas12,challenge,0,,title,icon,title,,,,,,
pr_expert_spas12,challenge,0,,title,icon,title,,,,,,
pr_marksman_ranger,challenge,0,,title,icon,title,,,,,,
pr_expert_ranger,challenge,0,,title,icon,title,,,,,,
pr_marksman_model1887,challenge,0,,title,icon,title,,,,,,
pr_expert_model1887,challenge,0,,title,icon,title,,,,,,
pr_marksman_usp,challenge,0,,title,icon,title,,,,,,
pr_expert_usp,challenge,0,,title,icon,title,,,,,,
pr_marksman_beretta,challenge,0,,title,icon,title,,,,,,
pr_expert_beretta,challenge,0,,title,icon,title,,,,,,
pr_marksman_coltanaconda,challenge,0,,title,icon,title,,,,,,
pr_expert_coltanaconda,challenge,0,,title,icon,title,,,,,,
pr_marksman_deserteagle,challenge,0,,title,icon,title,,,,,,
pr_expert_deserteagle,challenge,0,,title,icon,title,,,,,,
pr_marksman_at4,challenge,0,,title,icon,title,,,,,,
pr_expert_at4,challenge,0,,title,icon,title,,,,,,
pr_marksman_rpg,challenge,0,,title,icon,title,,,,,,
pr_expert_rpg,challenge,0,,title,icon,title,,,,,,
pr_marksman_javelin,challenge,0,,title,icon,title,,,,,,
pr_expert_javelin,challenge,0,,title,icon,title,,,,,,
pr_marksman_m79,challenge,0,,title,icon,title,,,,,,
pr_expert_m79,challenge,0,,title,icon,title,,,,,,
pr_marksman_stinger,challenge,0,,title,title,title,title,,,,,
tier_1,challenge,4,,,,,,,,,,
tier_2,challenge,4,,,,,,,,,,
tier_3,challenge,5,,,,,,,,,,
tier_3_a,challenge,5,,,,,,,,,,
tier_3_b,challenge,6,,,,,,,,,,
tier_3_c,challenge,6,,,,,,,,,,
tier_4,challenge,9,,,,,,,,,,
tier_4_a,challenge,9,,,,,,,,,,
tier_4_b,challenge,9,,,,,,,,,,
tier_4_c,challenge,10,,,,,,,,,,
tier_4_d,challenge,10,,,,,,,,,,
tier_5,challenge,15,,,,,,,,,,
tier_5_a,challenge,15,,,,,,,,,,
tier_5_b,challenge,15,,,,,,,,,,
tier_5_c,challenge,20,,,,,,,,,,
tier_5_d,challenge,20,,,,,,,,,,
tier_6,challenge,25,,,,,,,,,,
tier_6_a,challenge,25,,,,,,,,,,
tier_6_b,challenge,25,,,,,,,,,,
tier_6_c,challenge,30,,,,,,,,,,
tier_6_d,challenge,30,,,,,,,,,,
tier_7,challenge,34,,,,,,,,,,
tier_7_a,challenge,34,,,,,,,,,,
tier_7_b,challenge,34,,,,,,,,,,
tier_7_c,challenge,36,,,,,,,,,,
tier_7_d,challenge,36,,,,,,,,,,
tier_8,challenge,40,,,,,,,,,,
tier_8_a,challenge,40,,,,,,,,,,
tier_8_b,challenge,40,,,,,,,,,,
tier_8_c,challenge,42,,,,,,,,,,
tier_8_d,challenge,42,,,,,,,,,,
tier_9,challenge,46,,,,,,,,,,
tier_9_a,challenge,46,,,,,,,,,,
tier_9_b,challenge,46,,,,,,,,,,
tier_9_c,challenge,48,,,,,,,,,,
tier_9_d,challenge,48,,,,,,,,,,
tier_10,challenge,52,,,,,,,,,,
tier_10_a,challenge,52,,,,,,,,,,
tier_10_b,challenge,52,,,,,,,,,,
tier_10_c,challenge,56,,,,,,,,,,
tier_10_d,challenge,56,,,,,,,,,,
tier_11,challenge,60,,,,,,,,,,
tier_11_a,challenge,60,,,,,,,,,,
tier_11_b,challenge,60,,,,,,,,,,
tier_11_c,challenge,63,,,,,,,,,,
tier_11_d,challenge,63,,,,,,,,,,
tier_12,challenge,4,ch_prestige,,,,,,,,,
specialty_marathon,perk,0,,,,,,,,,,
specialty_bulletaccuracy,perk,0,,,,,,,,,,
specialty_heartbreaker,perk,28,,,,,,,,,,
specialty_fastreload,perk,0,,,,,,,,,,
specialty_bling,perk,20,,,,,,,,,,
specialty_bulletdamage,perk,0,,,,,,,,,,
specialty_hardline,perk,8,,,,,,,,,,
specialty_onemanarmy,perk,44,,,,,,,,,,
specialty_coldblooded,perk,24,,,,,,,,,,
specialty_lightweight,perk,0,,,,,,,,,,
specialty_pistoldeath,perk,40,,,,,,,,,,
specialty_scavenger,perk,12,,,,,,,,,,
specialty_extendedmelee,perk,0,,,,,,,,,,
specialty_detectexplosive,perk,36,,,,,,,,,,
specialty_localjammer,perk,16,,,,,,,,,,
specialty_explosivedamage,perk,32,,,,,,,,,,
specialty_fastmantle,perk,0,ch_marathon_pro_4,ch_marathon_pro,,,,,,,,
specialty_holdbreath,perk,0,ch_bulletaccuracy_pro_4,ch_bulletaccuracy_pro,,,,,,,,
specialty_selectivehearing,perk,0,ch_detectexplosives_pro_4,ch_detectexplosives_pro,,,,,,,,
specialty_delaymine,perk,0,ch_scrambler_pro_4,ch_scrambler_pro,,,,,,,,
specialty_quickdraw,perk,0,ch_sleightofhand_pro_4,ch_sleightofhand_pro,,,,,,,,
specialty_secondarybling,perk,0,ch_bling_pro_4,ch_bling_pro,,,,,,,,
specialty_armorpiercing,perk,0,ch_stoppingpower_pro_4,ch_stoppingpower_pro,,,,,,,,
specialty_rollover,perk,0,ch_hardline_pro_4,ch_hardline_pro,,,,,,,,
specialty_omaquickchange,perk,0,ch_onemanarmy_pro_4,ch_onemanarmy_pro,,,,,,,,
specialty_spygame,perk,0,ch_coldblooded_pro_4,ch_coldblooded_pro,,,,,,,,
specialty_fastsprintrecovery,perk,0,ch_lightweight_pro_4,ch_lightweight_pro,,,,,,,,
specialty_extraammo,perk,0,ch_scavenger_pro_4,ch_scavenger_pro,,,,,,,,
specialty_quieter,perk,0,ch_deadsilence_pro_4,ch_deadsilence_pro,,,,,,,,
specialty_falldamage,perk,0,ch_extendedmelee_pro_4,ch_extendedmelee_pro,,,,,,,,
specialty_laststandoffhand,perk,0,ch_laststand_pro_4,ch_laststand_pro,,,,,,,,
specialty_dangerclose,perk,0,ch_dangerclose_pro_4,ch_dangerclose_pro,,,,,,,,
specialty_grenadepulldeath,perk,26,,,,,,,,,,
specialty_fraggrenade,perk,0,,,,,,,,,,
specialty_specialgrenade,perk,0,,,,,,,,,,
specialty_blastshield,perk,18,,,,,,,,,,
specialty_shield,perk,0,,,,,,,,,,
specialty_finalstand,perk,38,,,,,,,,,,
specialty_flashgrenade,perk,0,,,,,,,,,,
specialty_concussiongrenade,perk,0,,,,,,,,,,
specialty_smokegrenade,perk,0,,,,,,,,,,
specialty_empgrenade,perk,0,,,,,,,,,,
specialty_tacticalinsertion,perk,10,,,,,,,,,,
specialty_c4death,perk,9999,,,,,,,,,,
c4_mp,perk,42,,,,,,,,,,
claymore_mp,perk,30,,,,,,,,,,
throwingknife_mp,perk,6,,,,,,,,,,
semtex_mp,perk,0,,,,,,,,,,
frag_grenade_mp,perk,0,,,,,,,,,,
specialty_combathigh,perk,5,,,,,,,,,,
specialty_parabolic,perk,9999,,,,,,,,,,
specialty_longersprint,perk,9999,,,,,,,,,,
specialty_bulletpenetration,perk,9999,,,,,,,,,,
specialty_bulletaccuracy2,perk,9999,,,,,,,,,,
specialty_rof,perk,9999,,,,,,,,,,
specialty_twoprimaries,perk,9999,,,,,,,,,,
specialty_armorvest,perk,9999,,,,,,,,,,
specialty_burstfire,perk,9999,,,,,,,,,,
specialty_akimbo,perk,9999,,,,,,,,,,
specialty_siege,perk,9999,,,,,,,,,,
specialty_fmj,perk,9999,,,,,,,,,,
specialty_feigndeath,perk,9999,,,,,,,,,,
specialty_jumpdive,perk,9999,,,,,,,,,,
specialty_shellshock,perk,9999,,,,,,,,,,
specialty_explosivebullets,perk,9999,,,,,,,,,,
specialty_thermal,perk,9999,,,,,,,,,,
specialty_blackbox,perk,9999,,,,,,,,,,
specialty_steelnerves,perk,9999,,,,,,,,,,
specialty_sitrep,perk,9999,,,,,,,,,,
specialty_extraspecialduration,perk,9999,,,,,,,,,,
specialty_extendedmags,perk,9999,,,,,,,,,,
specialty_saboteur,perk,9999,,,,,,,,,,
specialty_challenger,perk,9999,,,,,,,,,,
specialty_rearview,perk,9999,,,,,,,,,,
specialty_endgame,perk,9999,,,,,,,,,,
specialty_carepackage,perk,9999,,,,,,,,,,
specialty_littlebird_support,perk,9999,,,,,,,,,,
specialty_fastsnipe,perk,9999,,,,,,,,,,
specialty_improvedholdbreath,perk,9999,,,,,,,,,,
specialty_primarydeath,perk,9999,,,,,,,,,,
specialty_spygame2,perk,9999,,,,,,,,,,
specialty_automantle,perk,9999,,,,,,,,,,
at4,weapon,0,,,,,,,,,,
ch_marksman_at4,challenge,0,,,,,,,,,,
cardtitle_at4_marksman,title,0,pr_marksman_at4,,,,,,,,,
cardtitle_at4_expert,title,0,pr_expert_at4,,,,,,,,,
cardtitle_at4_veteran,title,0,pr_marksman_at4_3,,,,,,,,,
cardtitle_at4_master,title,0,pr_expert_at4_3,,,,,,,,,
javelin,weapon,49,,,,,,,,,,
ch_marksman_javelin,challenge,49,,,,,,,,,,
cardtitle_javelin_marksman,title,0,pr_marksman_javelin,,,,,,,,,
cardtitle_javelin_expert,title,0,pr_expert_javelin,,,,,,,,,
cardtitle_javelin_veteran,title,0,pr_marksman_javelin_3,,,,,,,,,
cardtitle_javelin_master,title,0,pr_expert_javelin_3,,,,,,,,,
m79,weapon,13,,,,,,,,,,
ch_marksman_m79,challenge,13,,,,,,,,,,
cardtitle_m79_marksman,title,0,pr_marksman_m79,,,,,,,,,
cardtitle_m79_expert,title,0,pr_expert_m79,,,,,,,,,
cardtitle_m79_veteran,title,0,pr_marksman_m79_3,,,,,,,,,
cardtitle_m79_master,title,0,pr_expert_m79_3,,,,,,,,,
m79 desert,camo,9999,,,,,,,,,,
m79 arctic,camo,9999,,,,,,,,,,
m79 woodland,camo,9999,,,,,,,,,,
m79 digital,camo,9999,,,,,,,,,,
m79 red_urban,camo,9999,,,,,,,,,,
m79 blue_tiger,camo,9999,,,,,,,,,,
m79 red_tiger,camo,9999,,,,,,,,,,
m79 orange_fall,camo,9999,,,,,,,,,,
m79 gold,camo,9999,,,,,,,,,,
stinger,weapon,29,,,,,,,,,,
ch_marksman_stinger,challenge,29,,,,,,,,,,
cardtitle_stinger_marksman,title,0,pr_marksman_stinger,,,,,,,,,
cardtitle_stinger_expert,title,0,pr_marksman_stinger_2,,,,,,,,,
cardtitle_stinger_veteran,title,0,pr_marksman_stinger_3,,,,,,,,,
cardtitle_stinger_master,title,0,pr_marksman_stinger_4,,,,,,,,,
stinger desert,camo,9999,,,,,,,,,,
stinger arctic,camo,9999,,,,,,,,,,
stinger woodland,camo,9999,,,,,,,,,,
stinger digital,camo,9999,,,,,,,,,,
stinger red_urban,camo,9999,,,,,,,,,,
stinger blue_tiger,camo,9999,,,,,,,,,,
stinger red_tiger,camo,9999,,,,,,,,,,
stinger orange_fall,camo,9999,,,,,,,,,,
stinger gold,camo,9999,,,,,,,,,,
rpg,weapon,64,,,,,,,,,,
ch_marksman_rpg,challenge,64,,,,,,,,,,
cardtitle_rpg_marksman,title,0,pr_marksman_rpg,,,,,,,,,
cardtitle_rpg_expert,title,0,pr_expert_rpg,,,,,,,,,
cardtitle_rpg_veteran,title,0,pr_marksman_rpg_3,,,,,,,,,
cardtitle_rpg_master,title,0,pr_expert_rpg_3,,,,,,,,,
rpg desert,camo,9999,,,,,,,,,,
rpg arctic,camo,9999,,,,,,,,,,
rpg woodland,camo,9999,,,,,,,,,,
rpg digital,camo,9999,,,,,,,,,,
rpg red_urban,camo,9999,,,,,,,,,,
rpg blue_tiger,camo,9999,,,,,,,,,,
rpg red_tiger,camo,9999,,,,,,,,,,
rpg orange_fall,camo,9999,,,,,,,,,,
rpg gold,camo,9999,,,,,,,,,,
tier_23_aug,challenge,31,,,,,,,,,,
aug,weapon,31,,,,,,,,,,
aug grip,attachment,31,ch_marksman_aug,,,,,,,,,
aug reflex,attachment,31,ch_marksman_aug_2,,,,,,,,,
aug silencer,attachment,31,ch_marksman_aug_3,,,,,,,,,
aug acog,attachment,31,ch_marksman_aug_4,,,,,,,,,
aug fmj,attachment,31,ch_marksman_aug_5,,,,,,,,,
aug eotech,attachment,31,ch_aug_reflex,,,,,,,,,
aug heartbeat,attachment,31,ch_aug_silencer,,,,,,,,,
aug thermal,attachment,31,ch_aug_acog,,,,,,,,,
aug xmags,attachment,31,ch_aug_fmj,,,,,,,,,
ch_marksman_aug,challenge,31,,grip,reflex,silencer,acog,fmj,,,,
ch_expert_aug,challenge,31,,woodland,digital,red_urban,blue_tiger,red_tiger,orange_fall,,,
ch_aug_reflex,challenge,31,ch_marksman_aug_2,eotech,,,,,,,,
ch_aug_silencer,challenge,31,ch_marksman_aug_3,heartbeat,,,,,,,,
ch_aug_acog,challenge,31,ch_marksman_aug_4,thermal,,,,,,,,
ch_aug_fmj,challenge,31,ch_marksman_aug_5,xmags,,,,,,,,
ch_aug_mastery,challenge,31,,,,,,,,,,
cardtitle_aug_sharpshooter,title,0,ch_aug_mastery,,,,,,,,,
cardtitle_aug_marksman,title,0,pr_marksman_aug,,,,,,,,,
cardicon_aug_marksman,icon,0,pr_marksman_aug_2,,,,,,,,,
cardtitle_aug_veteran,title,0,pr_marksman_aug_3,,,,,,,,,
cardtitle_aug_expert,title,0,pr_expert_aug,,,,,,,,,
cardicon_aug_expert,icon,0,pr_expert_aug_2,,,,,,,,,
cardtitle_aug_master,title,0,pr_expert_aug_3,,,,,,,,,
aug desert,camo,0,,,,,,,,,,
aug arctic,camo,0,,,,,,,,,,
aug woodland,camo,0,ch_expert_aug,,,,,,,,,
aug digital,camo,0,ch_expert_aug_2,,,,,,,,,
aug red_urban,camo,0,ch_expert_aug_3,,,,,,,,,
aug blue_tiger,camo,0,ch_expert_aug_4,,,,,,,,,
aug red_tiger,camo,0,ch_expert_aug_5,,,,,,,,,
aug orange_fall,camo,0,ch_expert_aug_6,,,,,,,,,
aug gold,camo,9999,,ch_expert_aug_6;ch_aug_mastery,,,,,,,,
tier_38_m240,challenge,51,,,,,,,,,,
m240,weapon,51,,,,,,,,,,
m240 grip,attachment,51,ch_marksman_m240,,,,,,,,,
m240 reflex,attachment,51,ch_marksman_m240_2,,,,,,,,,
m240 silencer,attachment,51,ch_marksman_m240_3,,,,,,,,,
m240 acog,attachment,51,ch_marksman_m240_4,,,,,,,,,
m240 fmj,attachment,51,ch_marksman_m240_5,,,,,,,,,
m240 eotech,attachment,51,ch_m240_reflex,,,,,,,,,
m240 heartbeat,attachment,51,ch_m240_silencer,,,,,,,,,
m240 thermal,attachment,51,ch_m240_acog,,,,,,,,,
m240 xmags,attachment,51,ch_m240_fmj,,,,,,,,,
ch_marksman_m240,challenge,51,,grip,reflex,silencer,acog,fmj,,,,
ch_expert_m240,challenge,51,,woodland,digital,red_urban,blue_tiger,red_tiger,orange_fall,,,
ch_m240_reflex,challenge,51,ch_marksman_m240_2,eotech,,,,,,,,
ch_m240_silencer,challenge,51,ch_marksman_m240_3,heartbeat,,,,,,,,
ch_m240_acog,challenge,51,ch_marksman_m240_4,thermal,,,,,,,,
ch_m240_fmj,challenge,51,ch_marksman_m240_5,xmags,,,,,,,,
ch_m240_mastery,challenge,51,,,,,,,,,,
cardtitle_m240_sharpshooter,title,0,ch_m240_mastery,,,,,,,,,
cardtitle_m240_marksman,title,0,pr_marksman_m240,,,,,,,,,
cardicon_m240_marksman,icon,0,pr_marksman_m240_2,,,,,,,,,
cardtitle_m240_veteran,title,0,pr_marksman_m240_3,,,,,,,,,
cardtitle_m240_expert,title,0,pr_expert_m240,,,,,,,,,
cardicon_m240_expert,icon,0,pr_expert_m240_2,,,,,,,,,
cardtitle_m240_master,title,0,pr_expert_m240_3,,,,,,,,,
m240 desert,camo,0,,,,,,,,,,
m240 arctic,camo,0,,,,,,,,,,
m240 woodland,camo,0,ch_expert_m240,,,,,,,,,
m240 digital,camo,0,ch_expert_m240_2,,,,,,,,,
m240 red_urban,camo,0,ch_expert_m240_3,,,,,,,,,
m240 blue_tiger,camo,0,ch_expert_m240_4,,,,,,,,,
m240 red_tiger,camo,0,ch_expert_m240_5,,,,,,,,,
m240 orange_fall,camo,0,ch_expert_m240_6,,,,,,,,,
m240 gold,camo,9999,,ch_expert_m240_6;ch_m240_mastery,,,,,,,,
tier_48_sa80,challenge,4,,,,,,,,,,
sa80,weapon,0,,,,,,,,,,
sa80 grip,attachment,0,ch_marksman_sa80,,,,,,,,,
sa80 reflex,attachment,0,ch_marksman_sa80_2,,,,,,,,,
sa80 silencer,attachment,0,ch_marksman_sa80_3,,,,,,,,,
sa80 acog,attachment,0,ch_marksman_sa80_4,,,,,,,,,
sa80 fmj,attachment,0,ch_marksman_sa80_5,,,,,,,,,
sa80 eotech,attachment,0,ch_sa80_reflex,,,,,,,,,
sa80 heartbeat,attachment,0,ch_sa80_silencer,,,,,,,,,
sa80 thermal,attachment,0,ch_sa80_acog,,,,,,,,,
sa80 xmags,attachment,0,ch_sa80_fmj,,,,,,,,,
ch_marksman_sa80,challenge,4,,grip,reflex,silencer,acog,fmj,,,,
ch_expert_sa80,challenge,4,,woodland,digital,red_urban,blue_tiger,red_tiger,orange_fall,,,
ch_sa80_reflex,challenge,4,ch_marksman_sa80_2,eotech,,,,,,,,
ch_sa80_silencer,challenge,4,ch_marksman_sa80_3,heartbeat,,,,,,,,
ch_sa80_acog,challenge,4,ch_marksman_sa80_4,thermal,,,,,,,,
ch_sa80_fmj,challenge,4,ch_marksman_sa80_5,xmags,,,,,,,,
ch_sa80_mastery,challenge,4,,,,,,,,,,
cardtitle_sa80_sharpshooter,title,0,ch_sa80_mastery,,,,,,,,,
cardtitle_sa80_marksman,title,0,pr_marksman_sa80,,,,,,,,,
cardicon_sa80_marksman,icon,0,pr_marksman_sa80_2,,,,,,,,,
cardtitle_sa80_veteran,title,0,pr_marksman_sa80_3,,,,,,,,,
cardtitle_sa80_expert,title,0,pr_expert_sa80,,,,,,,,,
cardicon_sa80_expert,icon,0,pr_expert_sa80_2,,,,,,,,,
cardtitle_sa80_master,title,0,pr_expert_sa80_3,,,,,,,,,
sa80 desert,camo,0,,,,,,,,,,
sa80 arctic,camo,0,,,,,,,,,,
sa80 woodland,camo,0,ch_expert_sa80,,,,,,,,,
sa80 digital,camo,0,ch_expert_sa80_2,,,,,,,,,
sa80 red_urban,camo,0,ch_expert_sa80_3,,,,,,,,,
sa80 blue_tiger,camo,0,ch_expert_sa80_4,,,,,,,,,
sa80 red_tiger,camo,0,ch_expert_sa80_5,,,,,,,,,
sa80 orange_fall,camo,0,ch_expert_sa80_6,,,,,,,,,
sa80 gold,camo,9999,,ch_expert_sa80_6;ch_sa80_mastery,,,,,,,,
tier_47_rpd,challenge,4,,,,,,,,,,
rpd,weapon,0,,,,,,,,,,
rpd grip,attachment,0,ch_marksman_rpd,,,,,,,,,
rpd reflex,attachment,0,ch_marksman_rpd_2,,,,,,,,,
rpd silencer,attachment,0,ch_marksman_rpd_3,,,,,,,,,
rpd acog,attachment,0,ch_marksman_rpd_4,,,,,,,,,
rpd fmj,attachment,0,ch_marksman_rpd_5,,,,,,,,,
rpd eotech,attachment,0,ch_rpd_reflex,,,,,,,,,
rpd heartbeat,attachment,0,ch_rpd_silencer,,,,,,,,,
rpd thermal,attachment,0,ch_rpd_acog,,,,,,,,,
rpd xmags,attachment,0,ch_rpd_fmj,,,,,,,,,
ch_marksman_rpd,challenge,4,,grip,reflex,silencer,acog,fmj,,,,
ch_expert_rpd,challenge,4,,woodland,digital,red_urban,blue_tiger,red_tiger,orange_fall,,,
ch_rpd_reflex,challenge,4,ch_marksman_rpd_2,eotech,,,,,,,,
ch_rpd_silencer,challenge,4,ch_marksman_rpd_3,heartbeat,,,,,,,,
ch_rpd_acog,challenge,4,ch_marksman_rpd_4,thermal,,,,,,,,
ch_rpd_fmj,challenge,4,ch_marksman_rpd_5,xmags,,,,,,,,
ch_rpd_mastery,challenge,4,,,,,,,,,,
cardtitle_rpd_sharpshooter,title,0,ch_rpd_mastery,,,,,,,,,
cardtitle_rpd_marksman,title,0,pr_marksman_rpd,,,,,,,,,
cardicon_rpd_marksman,icon,0,pr_marksman_rpd_2,,,,,,,,,
cardtitle_rpd_veteran,title,0,pr_marksman_rpd_3,,,,,,,,,
cardtitle_rpd_expert,title,0,pr_expert_rpd,,,,,,,,,
cardicon_rpd_expert,icon,0,pr_expert_rpd_2,,,,,,,,,
cardtitle_rpd_master,title,0,pr_expert_rpd_3,,,,,,,,,
rpd desert,camo,0,,,,,,,,,,
rpd arctic,camo,0,,,,,,,,,,
rpd woodland,camo,0,ch_expert_rpd,,,,,,,,,
rpd digital,camo,0,ch_expert_rpd_2,,,,,,,,,
rpd red_urban,camo,0,ch_expert_rpd_3,,,,,,,,,
rpd blue_tiger,camo,0,ch_expert_rpd_4,,,,,,,,,
rpd red_tiger,camo,0,ch_expert_rpd_5,,,,,,,,,
rpd orange_fall,camo,0,ch_expert_rpd_6,,,,,,,,,
rpd gold,camo,9999,,ch_expert_rpd_6;ch_rpd_mastery,,,,,,,,
tier_41_mg4,challenge,15,,,,,,,,,,
mg4,weapon,15,,,,,,,,,,
mg4 grip,attachment,15,ch_marksman_mg4,,,,,,,,,
mg4 reflex,attachment,15,ch_marksman_mg4_2,,,,,,,,,
mg4 silencer,attachment,15,ch_marksman_mg4_3,,,,,,,,,
mg4 acog,attachment,15,ch_marksman_mg4_4,,,,,,,,,
mg4 fmj,attachment,15,ch_marksman_mg4_5,,,,,,,,,
mg4 eotech,attachment,15,ch_mg4_reflex,,,,,,,,,
mg4 heartbeat,attachment,15,ch_mg4_silencer,,,,,,,,,
mg4 thermal,attachment,15,ch_mg4_acog,,,,,,,,,
mg4 xmags,attachment,15,ch_mg4_fmj,,,,,,,,,
ch_marksman_mg4,challenge,15,,grip,reflex,silencer,acog,fmj,,,,
ch_expert_mg4,challenge,15,,woodland,digital,red_urban,blue_tiger,red_tiger,orange_fall,,,
ch_mg4_reflex,challenge,15,ch_marksman_mg4_2,eotech,,,,,,,,
ch_mg4_silencer,challenge,15,ch_marksman_mg4_3,heartbeat,,,,,,,,
ch_mg4_acog,challenge,15,ch_marksman_mg4_4,thermal,,,,,,,,
ch_mg4_fmj,challenge,15,ch_marksman_mg4_5,xmags,,,,,,,,
ch_mg4_mastery,challenge,15,,,,,,,,,,
cardtitle_mg4_sharpshooter,title,0,ch_mg4_mastery,,,,,,,,,
cardtitle_mg4_marksman,title,0,pr_marksman_mg4,,,,,,,,,
cardicon_mg4_marksman,icon,0,pr_marksman_mg4_2,,,,,,,,,
cardtitle_mg4_veteran,title,0,pr_marksman_mg4_3,,,,,,,,,
cardtitle_mg4_expert,title,0,pr_expert_mg4,,,,,,,,,
cardicon_mg4_expert,icon,0,pr_expert_mg4_2,,,,,,,,,
cardtitle_mg4_master,title,0,pr_expert_mg4_3,,,,,,,,,
mg4 desert,camo,0,,,,,,,,,,
mg4 arctic,camo,0,,,,,,,,,,
mg4 woodland,camo,0,ch_expert_mg4,,,,,,,,,
mg4 digital,camo,0,ch_expert_mg4_2,,,,,,,,,
mg4 red_urban,camo,0,ch_expert_mg4_3,,,,,,,,,
mg4 blue_tiger,camo,0,ch_expert_mg4_4,,,,,,,,,
mg4 red_tiger,camo,0,ch_expert_mg4_5,,,,,,,,,
mg4 orange_fall,camo,0,ch_expert_mg4_6,,,,,,,,,
mg4 gold,camo,9999,,ch_expert_mg4_6;ch_mg4_mastery,,,,,,,,
tier_22_ak47,challenge,69,,,,,,,,,,
ak47,weapon,69,,,,,,,,,,
ak47 gl,attachment,69,ch_marksman_ak47,,,,,,,,,
ak47 reflex,attachment,69,ch_marksman_ak47_2,,,,,,,,,
ak47 silencer,attachment,69,ch_marksman_ak47_3,,,,,,,,,
ak47 acog,attachment,69,ch_marksman_ak47_4,,,,,,,,,
ak47 fmj,attachment,69,ch_marksman_ak47_5,,,,,,,,,
ak47 eotech,attachment,69,ch_ak47_reflex,,,,,,,,,
ak47 heartbeat,attachment,69,ch_ak47_silencer,,,,,,,,,
ak47 thermal,attachment,69,ch_ak47_acog,,,,,,,,,
ak47 xmags,attachment,69,ch_ak47_fmj,,,,,,,,,
ak47 shotgun,attachment,69,ch_ak47_gl,,,,,,,,,
ch_marksman_ak47,challenge,69,,gl,reflex,silencer,acog,fmj,,,,
ch_expert_ak47,challenge,69,,woodland,digital,red_urban,blue_tiger,red_tiger,orange_fall,,,
ch_ak47_gl,challenge,69,ch_marksman_ak47,shotgun,,,,,,,,
ch_ak47_reflex,challenge,69,ch_marksman_ak47_2,eotech,,,,,,,,
ch_ak47_silencer,challenge,69,ch_marksman_ak47_3,heartbeat,,,,,,,,
ch_ak47_acog,challenge,69,ch_marksman_ak47_4,thermal,,,,,,,,
ch_ak47_fmj,challenge,69,ch_marksman_ak47_5,xmags,,,,,,,,
ch_ak47_mastery,challenge,69,,,,,,,,,,
cardtitle_ak47_sharpshooter,title,0,ch_ak47_mastery,,,,,,,,,
cardtitle_ak47_marksman,title,0,pr_marksman_ak47,,,,,,,,,
cardicon_ak47_marksman,icon,0,pr_marksman_ak47_2,,,,,,,,,
cardtitle_ak47_veteran,title,0,pr_marksman_ak47_3,,,,,,,,,
cardtitle_ak47_expert,title,0,pr_expert_ak47,,,,,,,,,
cardicon_ak47_expert,icon,0,pr_expert_ak47_2,,,,,,,,,
cardtitle_ak47_master,title,0,pr_expert_ak47_3,,,,,,,,,
ak47 desert,camo,0,,,,,,,,,,
ak47 arctic,camo,0,,,,,,,,,,
ak47 woodland,camo,0,ch_expert_ak47,,,,,,,,,
ak47 digital,camo,0,ch_expert_ak47_2,,,,,,,,,
ak47 red_urban,camo,0,ch_expert_ak47_3,,,,,,,,,
ak47 blue_tiger,camo,0,ch_expert_ak47_4,,,,,,,,,
ak47 red_tiger,camo,0,ch_expert_ak47_5,,,,,,,,,
ak47 orange_fall,camo,0,ch_expert_ak47_6,,,,,,,,,
ak47 gold,camo,9999,,ch_expert_ak47_6;ch_ak47_mastery,,,,,,,,
tier_40_masada,challenge,47,,,,,,,,,,
masada,weapon,47,,,,,,,,,,
masada gl,attachment,47,ch_marksman_masada,,,,,,,,,
masada reflex,attachment,47,ch_marksman_masada_2,,,,,,,,,
masada silencer,attachment,47,ch_marksman_masada_3,,,,,,,,,
masada acog,attachment,47,ch_marksman_masada_4,,,,,,,,,
masada fmj,attachment,47,ch_marksman_masada_5,,,,,,,,,
masada eotech,attachment,47,ch_masada_reflex,,,,,,,,,
masada heartbeat,attachment,47,ch_masada_silencer,,,,,,,,,
masada thermal,attachment,47,ch_masada_acog,,,,,,,,,
masada xmags,attachment,47,ch_masada_fmj,,,,,,,,,
masada shotgun,attachment,47,ch_masada_gl,,,,,,,,,
ch_marksman_masada,challenge,47,,gl,reflex,silencer,acog,fmj,,,,
ch_expert_masada,challenge,47,,woodland,digital,red_urban,blue_tiger,red_tiger,orange_fall,,,
ch_masada_gl,challenge,47,ch_marksman_masada,shotgun,,,,,,,,
ch_masada_reflex,challenge,47,ch_marksman_masada_2,eotech,,,,,,,,
ch_masada_silencer,challenge,47,ch_marksman_masada_3,heartbeat,,,,,,,,
ch_masada_acog,challenge,47,ch_marksman_masada_4,thermal,,,,,,,,
ch_masada_fmj,challenge,47,ch_marksman_masada_5,xmags,,,,,,,,
ch_masada_mastery,challenge,47,,,,,,,,,,
cardtitle_masada_sharpshooter,title,0,ch_masada_mastery,,,,,,,,,
cardtitle_masada_marksman,title,0,pr_marksman_masada,,,,,,,,,
cardicon_masada_marksman,icon,0,pr_marksman_masada_2,,,,,,,,,
cardtitle_masada_veteran,title,0,pr_marksman_masada_3,,,,,,,,,
cardtitle_masada_expert,title,0,pr_expert_masada,,,,,,,,,
cardicon_masada_expert,icon,0,pr_expert_masada_2,,,,,,,,,
cardtitle_masada_master,title,0,pr_expert_masada_3,,,,,,,,,
masada desert,camo,0,,,,,,,,,,
masada arctic,camo,0,,,,,,,,,,
masada woodland,camo,0,ch_expert_masada,,,,,,,,,
masada digital,camo,0,ch_expert_masada_2,,,,,,,,,
masada red_urban,camo,0,ch_expert_masada_3,,,,,,,,,
masada blue_tiger,camo,0,ch_expert_masada_4,,,,,,,,,
masada red_tiger,camo,0,ch_expert_masada_5,,,,,,,,,
masada orange_fall,camo,0,ch_expert_masada_6,,,,,,,,,
masada gold,camo,9999,,ch_expert_masada_6;ch_masada_mastery,,,,,,,,
tier_36_m16,challenge,39,,,,,,,,,,
m16,weapon,39,,,,,,,,,,
m16 gl,attachment,39,ch_marksman_m16,,,,,,,,,
m16 reflex,attachment,39,ch_marksman_m16_2,,,,,,,,,
m16 silencer,attachment,39,ch_marksman_m16_3,,,,,,,,,
m16 acog,attachment,39,ch_marksman_m16_4,,,,,,,,,
m16 fmj,attachment,39,ch_marksman_m16_5,,,,,,,,,
m16 eotech,attachment,39,ch_m16_reflex,,,,,,,,,
m16 heartbeat,attachment,39,ch_m16_silencer,,,,,,,,,
m16 thermal,attachment,39,ch_m16_acog,,,,,,,,,
m16 xmags,attachment,39,ch_m16_fmj,,,,,,,,,
m16 shotgun,attachment,39,ch_m16_gl,,,,,,,,,
ch_marksman_m16,challenge,39,,gl,reflex,silencer,acog,fmj,,,,
ch_expert_m16,challenge,39,,woodland,digital,red_urban,blue_tiger,red_tiger,orange_fall,,,
ch_m16_gl,challenge,39,ch_marksman_m16,shotgun,,,,,,,,
ch_m16_reflex,challenge,39,ch_marksman_m16_2,eotech,,,,,,,,
ch_m16_silencer,challenge,39,ch_marksman_m16_3,heartbeat,,,,,,,,
ch_m16_acog,challenge,39,ch_marksman_m16_4,thermal,,,,,,,,
ch_m16_fmj,challenge,39,ch_marksman_m16_5,xmags,,,,,,,,
ch_m16_mastery,challenge,39,,,,,,,,,,
cardtitle_m16_sharpshooter,title,0,ch_m16_mastery,,,,,,,,,
cardtitle_m16_marksman,title,0,pr_marksman_m16,,,,,,,,,
cardicon_m16_marksman,icon,0,pr_marksman_m16_2,,,,,,,,,
cardtitle_m16_veteran,title,0,pr_marksman_m16_3,,,,,,,,,
cardtitle_m16_expert,title,0,pr_expert_m16,,,,,,,,,
cardicon_m16_expert,icon,0,pr_expert_m16_2,,,,,,,,,
cardtitle_m16_master,title,0,pr_expert_m16_3,,,,,,,,,
m16 desert,camo,0,,,,,,,,,,
m16 arctic,camo,0,,,,,,,,,,
m16 woodland,camo,0,ch_expert_m16,,,,,,,,,
m16 digital,camo,0,ch_expert_m16_2,,,,,,,,,
m16 red_urban,camo,0,ch_expert_m16_3,,,,,,,,,
m16 blue_tiger,camo,0,ch_expert_m16_4,,,,,,,,,
m16 red_tiger,camo,0,ch_expert_m16_5,,,,,,,,,
m16 orange_fall,camo,0,ch_expert_m16_6,,,,,,,,,
m16 gold,camo,9999,,ch_expert_m16_6;ch_m16_mastery,,,,,,,,
tier_52_tavor,challenge,19,,,,,,,,,,
tavor,weapon,19,,,,,,,,,,
tavor gl,attachment,19,ch_marksman_tavor,,,,,,,,,
tavor reflex,attachment,19,ch_marksman_tavor_2,,,,,,,,,
tavor silencer,attachment,19,ch_marksman_tavor_3,,,,,,,,,
tavor acog,attachment,19,ch_marksman_tavor_4,,,,,,,,,
tavor fmj,attachment,19,ch_marksman_tavor_5,,,,,,,,,
tavor eotech,attachment,19,ch_tavor_reflex,,,,,,,,,
tavor heartbeat,attachment,19,ch_tavor_silencer,,,,,,,,,
tavor thermal,attachment,19,ch_tavor_acog,,,,,,,,,
tavor xmags,attachment,19,ch_tavor_fmj,,,,,,,,,
tavor shotgun,attachment,19,ch_tavor_gl,,,,,,,,,
ch_marksman_tavor,challenge,19,,gl,reflex,silencer,acog,fmj,,,,
ch_expert_tavor,challenge,19,,woodland,digital,red_urban,blue_tiger,red_tiger,orange_fall,,,
ch_tavor_gl,challenge,19,ch_marksman_tavor,shotgun,,,,,,,,
ch_tavor_reflex,challenge,19,ch_marksman_tavor_2,eotech,,,,,,,,
ch_tavor_silencer,challenge,19,ch_marksman_tavor_3,heartbeat,,,,,,,,
ch_tavor_acog,challenge,19,ch_marksman_tavor_4,thermal,,,,,,,,
ch_tavor_fmj,challenge,19,ch_marksman_tavor_5,xmags,,,,,,,,
ch_tavor_mastery,challenge,19,,,,,,,,,,
cardtitle_tavor_sharpshooter,title,0,ch_tavor_mastery,,,,,,,,,
cardtitle_tavor_marksman,title,0,pr_marksman_tavor,,,,,,,,,
cardicon_tavor_marksman,icon,0,pr_marksman_tavor_2,,,,,,,,,
cardtitle_tavor_veteran,title,0,pr_marksman_tavor_3,,,,,,,,,
cardtitle_tavor_expert,title,0,pr_expert_tavor,,,,,,,,,
cardicon_tavor_expert,icon,0,pr_expert_tavor_2,,,,,,,,,
cardtitle_tavor_master,title,0,pr_expert_tavor_3,,,,,,,,,
tavor desert,camo,0,,,,,,,,,,
tavor arctic,camo,0,,,,,,,,,,
tavor woodland,camo,0,ch_expert_tavor,,,,,,,,,
tavor digital,camo,0,ch_expert_tavor_2,,,,,,,,,
tavor red_urban,camo,0,ch_expert_tavor_3,,,,,,,,,
tavor blue_tiger,camo,0,ch_expert_tavor_4,,,,,,,,,
tavor red_tiger,camo,0,ch_expert_tavor_5,,,,,,,,,
tavor orange_fall,camo,0,ch_expert_tavor_6,,,,,,,,,
tavor gold,camo,9999,,ch_expert_tavor_6;ch_tavor_mastery,,,,,,,,
tier_32_fn2000,challenge,59,,,,,,,,,,
fn2000,weapon,59,,,,,,,,,,
fn2000 gl,attachment,59,ch_marksman_fn2000,,,,,,,,,
fn2000 reflex,attachment,59,ch_marksman_fn2000_2,,,,,,,,,
fn2000 silencer,attachment,59,ch_marksman_fn2000_3,,,,,,,,,
fn2000 acog,attachment,59,ch_marksman_fn2000_4,,,,,,,,,
fn2000 fmj,attachment,59,ch_marksman_fn2000_5,,,,,,,,,
fn2000 eotech,attachment,59,ch_fn2000_reflex,,,,,,,,,
fn2000 heartbeat,attachment,59,ch_fn2000_silencer,,,,,,,,,
fn2000 thermal,attachment,59,ch_fn2000_acog,,,,,,,,,
fn2000 xmags,attachment,59,ch_fn2000_fmj,,,,,,,,,
fn2000 shotgun,attachment,59,ch_fn2000_gl,,,,,,,,,
ch_marksman_fn2000,challenge,59,,gl,reflex,silencer,acog,fmj,,,,
ch_expert_fn2000,challenge,59,,woodland,digital,red_urban,blue_tiger,red_tiger,orange_fall,,,
ch_fn2000_gl,challenge,59,ch_marksman_fn2000,shotgun,,,,,,,,
ch_fn2000_reflex,challenge,59,ch_marksman_fn2000_2,eotech,,,,,,,,
ch_fn2000_silencer,challenge,59,ch_marksman_fn2000_3,heartbeat,,,,,,,,
ch_fn2000_acog,challenge,59,ch_marksman_fn2000_4,thermal,,,,,,,,
ch_fn2000_fmj,challenge,59,ch_marksman_fn2000_5,xmags,,,,,,,,
ch_fn2000_mastery,challenge,59,,,,,,,,,,
cardtitle_fn2000_sharpshooter,title,0,ch_fn2000_mastery,,,,,,,,,
cardtitle_fn2000_marksman,title,0,pr_marksman_fn2000,,,,,,,,,
cardicon_fn2000_marksman,icon,0,pr_marksman_fn2000_2,,,,,,,,,
cardtitle_fn2000_veteran,title,0,pr_marksman_fn2000_3,,,,,,,,,
cardtitle_fn2000_expert,title,0,pr_expert_fn2000,,,,,,,,,
cardicon_fn2000_expert,icon,0,pr_expert_fn2000_2,,,,,,,,,
cardtitle_fn2000_master,title,0,pr_expert_fn2000_3,,,,,,,,,
fn2000 desert,camo,0,,,,,,,,,,
fn2000 arctic,camo,0,,,,,,,,,,
fn2000 woodland,camo,0,ch_expert_fn2000,,,,,,,,,
fn2000 digital,camo,0,ch_expert_fn2000_2,,,,,,,,,
fn2000 red_urban,camo,0,ch_expert_fn2000_3,,,,,,,,,
fn2000 blue_tiger,camo,0,ch_expert_fn2000_4,,,,,,,,,
fn2000 red_tiger,camo,0,ch_expert_fn2000_5,,,,,,,,,
fn2000 orange_fall,camo,0,ch_expert_fn2000_6,,,,,,,,,
fn2000 gold,camo,9999,,ch_expert_fn2000_6;ch_fn2000_mastery,,,,,,,,
tier_35_m4,challenge,4,,,,,,,,,,
m4,weapon,0,,,,,,,,,,
m4 gl,attachment,0,ch_marksman_m4,,,,,,,,,
m4 reflex,attachment,0,ch_marksman_m4_2,,,,,,,,,
m4 silencer,attachment,0,ch_marksman_m4_3,,,,,,,,,
m4 acog,attachment,0,ch_marksman_m4_4,,,,,,,,,
m4 fmj,attachment,0,ch_marksman_m4_5,,,,,,,,,
m4 eotech,attachment,0,ch_m4_reflex,,,,,,,,,
m4 heartbeat,attachment,0,ch_m4_silencer,,,,,,,,,
m4 thermal,attachment,0,ch_m4_acog,,,,,,,,,
m4 xmags,attachment,0,ch_m4_fmj,,,,,,,,,
m4 shotgun,attachment,0,ch_m4_gl,,,,,,,,,
ch_marksman_m4,challenge,4,,gl,reflex,silencer,acog,fmj,,,,title
ch_expert_m4,challenge,4,,woodland,digital,red_urban,blue_tiger,red_tiger,orange_fall,,,
ch_m4_gl,challenge,4,ch_marksman_m4,shotgun,,,,,,,,
ch_m4_reflex,challenge,4,ch_marksman_m4_2,eotech,,,,,,,,
ch_m4_silencer,challenge,4,ch_marksman_m4_3,heartbeat,,,,,,,,
ch_m4_acog,challenge,4,ch_marksman_m4_4,thermal,,,,,,,,
ch_m4_fmj,challenge,4,ch_marksman_m4_5,xmags,,,,,,,,
ch_m4_mastery,challenge,4,,,,,,,,,,
cardtitle_m4_sharpshooter,title,0,ch_m4_mastery,,,,,,,,,
cardtitle_m4_marksman,title,0,pr_marksman_m4,,,,,,,,,
cardicon_m4_marksman,icon,0,pr_marksman_m4_2,,,,,,,,,
cardtitle_m4_veteran,title,0,pr_marksman_m4_3,,,,,,,,,
cardtitle_m4_expert,title,0,pr_expert_m4,,,,,,,,,
cardicon_m4_expert,icon,0,pr_expert_m4_2,,,,,,,,,
cardtitle_m4_master,title,0,pr_expert_m4_3,,,,,,,,,
m4 desert,camo,0,,,,,,,,,,
m4 arctic,camo,0,,,,,,,,,,
m4 woodland,camo,0,ch_expert_m4,,,,,,,,,
m4 digital,camo,0,ch_expert_m4_2,,,,,,,,,
m4 red_urban,camo,0,ch_expert_m4_3,,,,,,,,,
m4 blue_tiger,camo,0,ch_expert_m4_4,,,,,,,,,
m4 red_tiger,camo,0,ch_expert_m4_5,,,,,,,,,
m4 orange_fall,camo,0,ch_expert_m4_6,,,,,,,,,
m4 gold,camo,9999,,ch_expert_m4_6;ch_m4_mastery,,,,,,,,
tier_49_scar,challenge,7,,,,,,,,,,
scar,weapon,7,,,,,,,,,,
scar gl,attachment,7,ch_marksman_scar,,,,,,,,,
scar reflex,attachment,7,ch_marksman_scar_2,,,,,,,,,
scar silencer,attachment,7,ch_marksman_scar_3,,,,,,,,,
scar acog,attachment,7,ch_marksman_scar_4,,,,,,,,,
scar fmj,attachment,7,ch_marksman_scar_5,,,,,,,,,
scar eotech,attachment,7,ch_scar_reflex,,,,,,,,,
scar heartbeat,attachment,7,ch_scar_silencer,,,,,,,,,
scar thermal,attachment,7,ch_scar_acog,,,,,,,,,
scar xmags,attachment,7,ch_scar_fmj,,,,,,,,,
scar shotgun,attachment,7,ch_scar_gl,,,,,,,,,
ch_marksman_scar,challenge,7,,gl,reflex,silencer,acog,fmj,,,,
ch_expert_scar,challenge,7,,woodland,digital,red_urban,blue_tiger,red_tiger,orange_fall,,,
ch_scar_gl,challenge,7,ch_marksman_scar,shotgun,,,,,,,,
ch_scar_reflex,challenge,7,ch_marksman_scar_2,eotech,,,,,,,,
ch_scar_silencer,challenge,7,ch_marksman_scar_3,heartbeat,,,,,,,,
ch_scar_acog,challenge,7,ch_marksman_scar_4,thermal,,,,,,,,
ch_scar_fmj,challenge,7,ch_marksman_scar_5,xmags,,,,,,,,
ch_scar_mastery,challenge,7,,,,,,,,,,
cardtitle_scar_sharpshooter,title,0,ch_scar_mastery,,,,,,,,,
cardtitle_scar_marksman,title,0,pr_marksman_scar,,,,,,,,,
cardicon_scar_marksman,icon,0,pr_marksman_scar_2,,,,,,,,,
cardtitle_scar_veteran,title,0,pr_marksman_scar_3,,,,,,,,,
cardtitle_scar_expert,title,0,pr_expert_scar,,,,,,,,,
cardicon_scar_expert,icon,0,pr_expert_scar_2,,,,,,,,,
cardtitle_scar_master,title,0,pr_expert_scar_3,,,,,,,,,
scar desert,camo,0,,,,,,,,,,
scar arctic,camo,0,,,,,,,,,,
scar woodland,camo,0,ch_expert_scar,,,,,,,,,
scar digital,camo,0,ch_expert_scar_2,,,,,,,,,
scar red_urban,camo,0,ch_expert_scar_3,,,,,,,,,
scar blue_tiger,camo,0,ch_expert_scar_4,,,,,,,,,
scar red_tiger,camo,0,ch_expert_scar_5,,,,,,,,,
scar orange_fall,camo,0,ch_expert_scar_6,,,,,,,,,
scar gold,camo,9999,,ch_expert_scar_6;ch_scar_mastery,,,,,,,,
tier_30_fal,challenge,27,,,,,,,,,,
fal,weapon,27,,,,,,,,,,
fal gl,attachment,27,ch_marksman_fal,,,,,,,,,
fal reflex,attachment,27,ch_marksman_fal_2,,,,,,,,,
fal silencer,attachment,27,ch_marksman_fal_3,,,,,,,,,
fal acog,attachment,27,ch_marksman_fal_4,,,,,,,,,
fal fmj,attachment,27,ch_marksman_fal_5,,,,,,,,,
fal eotech,attachment,27,ch_fal_reflex,,,,,,,,,
fal heartbeat,attachment,27,ch_fal_silencer,,,,,,,,,
fal thermal,attachment,27,ch_fal_acog,,,,,,,,,
fal xmags,attachment,27,ch_fal_fmj,,,,,,,,,
fal shotgun,attachment,27,ch_fal_gl,,,,,,,,,
ch_marksman_fal,challenge,27,,gl,reflex,silencer,acog,fmj,,,,
ch_expert_fal,challenge,27,,woodland,digital,red_urban,blue_tiger,red_tiger,orange_fall,,,
ch_fal_gl,challenge,27,ch_marksman_fal,shotgun,,,,,,,,
ch_fal_reflex,challenge,27,ch_marksman_fal_2,eotech,,,,,,,,
ch_fal_silencer,challenge,27,ch_marksman_fal_3,heartbeat,,,,,,,,
ch_fal_acog,challenge,27,ch_marksman_fal_4,thermal,,,,,,,,
ch_fal_fmj,challenge,27,ch_marksman_fal_5,xmags,,,,,,,,
ch_fal_mastery,challenge,27,,,,,,,,,,
cardtitle_fal_sharpshooter,title,0,ch_fal_mastery,,,,,,,,,
cardtitle_fal_marksman,title,0,pr_marksman_fal,,,,,,,,,
cardicon_fal_marksman,icon,0,pr_marksman_fal_2,,,,,,,,,
cardtitle_fal_veteran,title,0,pr_marksman_fal_3,,,,,,,,,
cardtitle_fal_expert,title,0,pr_expert_fal,,,,,,,,,
cardicon_fal_expert,icon,0,pr_expert_fal_2,,,,,,,,,
cardtitle_fal_master,title,0,pr_expert_fal_3,,,,,,,,,
fal desert,camo,0,,,,,,,,,,
fal arctic,camo,0,,,,,,,,,,
fal woodland,camo,0,ch_expert_fal,,,,,,,,,
fal digital,camo,0,ch_expert_fal_2,,,,,,,,,
fal red_urban,camo,0,ch_expert_fal_3,,,,,,,,,
fal blue_tiger,camo,0,ch_expert_fal_4,,,,,,,,,
fal red_tiger,camo,0,ch_expert_fal_5,,,,,,,,,
fal orange_fall,camo,0,ch_expert_fal_6,,,,,,,,,
fal gold,camo,9999,,ch_expert_fal_6;ch_fal_mastery,,,,,,,,
tier_31_famas,challenge,4,,,,,,,,,,
famas,weapon,0,,,,,,,,,,
famas gl,attachment,0,ch_marksman_famas,,,,,,,,,
famas reflex,attachment,0,ch_marksman_famas_2,,,,,,,,,
famas silencer,attachment,0,ch_marksman_famas_3,,,,,,,,,
famas acog,attachment,0,ch_marksman_famas_4,,,,,,,,,
famas fmj,attachment,0,ch_marksman_famas_5,,,,,,,,,
famas eotech,attachment,0,ch_famas_reflex,,,,,,,,,
famas heartbeat,attachment,0,ch_famas_silencer,,,,,,,,,
famas thermal,attachment,0,ch_famas_acog,,,,,,,,,
famas xmags,attachment,0,ch_famas_fmj,,,,,,,,,
famas shotgun,attachment,0,ch_famas_gl,,,,,,,,,
ch_marksman_famas,challenge,4,,gl,reflex,silencer,acog,fmj,,,,
ch_expert_famas,challenge,4,,woodland,digital,red_urban,blue_tiger,red_tiger,orange_fall,,,
ch_famas_gl,challenge,4,ch_marksman_famas,shotgun,,,,,,,,
ch_famas_reflex,challenge,4,ch_marksman_famas_2,eotech,,,,,,,,
ch_famas_silencer,challenge,4,ch_marksman_famas_3,heartbeat,,,,,,,,
ch_famas_acog,challenge,4,ch_marksman_famas_4,thermal,,,,,,,,
ch_famas_fmj,challenge,4,ch_marksman_famas_5,xmags,,,,,,,,
ch_famas_mastery,challenge,4,,,,,,,,,,
cardtitle_famas_sharpshooter,title,0,ch_famas_mastery,,,,,,,,,
cardtitle_famas_marksman,title,0,pr_marksman_famas,,,,,,,,,
cardicon_famas_marksman,icon,0,pr_marksman_famas_2,,,,,,,,,
cardtitle_famas_veteran,title,0,pr_marksman_famas_3,,,,,,,,,
cardtitle_famas_expert,title,0,pr_expert_famas,,,,,,,,,
cardicon_famas_expert,icon,0,pr_expert_famas_2,,,,,,,,,
cardtitle_famas_master,title,0,pr_expert_famas_3,,,,,,,,,
famas desert,camo,0,,,,,,,,,,
famas arctic,camo,0,,,,,,,,,,
famas woodland,camo,0,ch_expert_famas,,,,,,,,,
famas digital,camo,0,ch_expert_famas_2,,,,,,,,,
famas red_urban,camo,0,ch_expert_famas_3,,,,,,,,,
famas blue_tiger,camo,0,ch_expert_famas_4,,,,,,,,,
famas red_tiger,camo,0,ch_expert_famas_5,,,,,,,,,
famas orange_fall,camo,0,ch_expert_famas_6,,,,,,,,,
famas gold,camo,9999,,ch_expert_famas_6;ch_famas_mastery,,,,,,,,
tier_43_mp5k,challenge,4,,,,,,,,,,
mp5k,weapon,0,,,,,,,,,,
mp5k rof,attachment,0,ch_marksman_mp5k,,,,,,,,,
mp5k reflex,attachment,0,ch_marksman_mp5k_2,,,,,,,,,
mp5k silencer,attachment,0,ch_marksman_mp5k_3,,,,,,,,,
mp5k acog,attachment,0,ch_marksman_mp5k_4,,,,,,,,,
mp5k fmj,attachment,0,ch_marksman_mp5k_5,,,,,,,,,
mp5k akimbo,attachment,0,ch_mp5k_rof,,,,,,,,,
mp5k eotech,attachment,0,ch_mp5k_reflex,,,,,,,,,
mp5k thermal,attachment,0,ch_mp5k_acog,,,,,,,,,
mp5k xmags,attachment,0,ch_mp5k_fmj,,,,,,,,,
ch_marksman_mp5k,challenge,4,,rof,reflex,silencer,acog,fmj,,,,title
ch_expert_mp5k,challenge,4,,woodland,digital,red_urban,blue_tiger,red_tiger,orange_fall,,,
ch_mp5k_rof,challenge,4,ch_marksman_mp5k,akimbo,,,,,,,,
ch_mp5k_reflex,challenge,4,ch_marksman_mp5k_2,eotech,,,,,,,,
ch_mp5k_acog,challenge,4,ch_marksman_mp5k_4,thermal,,,,,,,,
ch_mp5k_fmj,challenge,4,ch_marksman_mp5k_5,xmags,,,,,,,,
ch_mp5k_mastery,challenge,4,,,,,,,,,,
cardtitle_mp5k_sharpshooter,title,0,ch_mp5k_mastery,,,,,,,,,
cardtitle_mp5k_marksman,title,0,pr_marksman_mp5k,,,,,,,,,
cardicon_mp5k_marksman,icon,0,pr_marksman_mp5k_2,,,,,,,,,
cardtitle_mp5k_veteran,title,0,pr_marksman_mp5k_3,,,,,,,,,
cardtitle_mp5k_expert,title,0,pr_expert_mp5k,,,,,,,,,
cardicon_mp5k_expert,icon,0,pr_expert_mp5k_2,,,,,,,,,
cardtitle_mp5k_master,title,0,pr_expert_mp5k_3,,,,,,,,,
mp5k desert,camo,0,,,,,,,,,,
mp5k arctic,camo,0,,,,,,,,,,
mp5k woodland,camo,0,ch_expert_mp5k,,,,,,,,,
mp5k digital,camo,0,ch_expert_mp5k_2,,,,,,,,,
mp5k red_urban,camo,0,ch_expert_mp5k_3,,,,,,,,,
mp5k blue_tiger,camo,0,ch_expert_mp5k_4,,,,,,,,,
mp5k red_tiger,camo,0,ch_expert_mp5k_5,,,,,,,,,
mp5k orange_fall,camo,0,ch_expert_mp5k_6,,,,,,,,,
mp5k gold,camo,9999,,ch_expert_mp5k_6;ch_mp5k_mastery,,,,,,,,
tier_56_uzi,challenge,43,,,,,,,,,,
uzi,weapon,43,,,,,,,,,,
uzi rof,attachment,43,ch_marksman_uzi,,,,,,,,,
uzi reflex,attachment,43,ch_marksman_uzi_2,,,,,,,,,
uzi silencer,attachment,43,ch_marksman_uzi_3,,,,,,,,,
uzi acog,attachment,43,ch_marksman_uzi_4,,,,,,,,,
uzi fmj,attachment,43,ch_marksman_uzi_5,,,,,,,,,
uzi akimbo,attachment,43,ch_uzi_rof,,,,,,,,,
uzi eotech,attachment,43,ch_uzi_reflex,,,,,,,,,
uzi thermal,attachment,43,ch_uzi_acog,,,,,,,,,
uzi xmags,attachment,43,ch_uzi_fmj,,,,,,,,,
ch_marksman_uzi,challenge,43,,rof,reflex,silencer,acog,fmj,,,,title
ch_expert_uzi,challenge,43,,woodland,digital,red_urban,blue_tiger,red_tiger,orange_fall,,,
ch_uzi_rof,challenge,43,ch_marksman_uzi,akimbo,,,,,,,,
ch_uzi_reflex,challenge,43,ch_marksman_uzi_2,eotech,,,,,,,,
ch_uzi_acog,challenge,43,ch_marksman_uzi_4,thermal,,,,,,,,
ch_uzi_fmj,challenge,43,ch_marksman_uzi_5,xmags,,,,,,,,
ch_uzi_mastery,challenge,43,,,,,,,,,,
cardtitle_uzi_sharpshooter,title,0,ch_uzi_mastery,,,,,,,,,
cardtitle_uzi_marksman,title,0,pr_marksman_uzi,,,,,,,,,
cardicon_uzi_marksman,icon,0,pr_marksman_uzi_2,,,,,,,,,
cardtitle_uzi_veteran,title,0,pr_marksman_uzi_3,,,,,,,,,
cardtitle_uzi_expert,title,0,pr_expert_uzi,,,,,,,,,
cardicon_uzi_expert,icon,0,pr_expert_uzi_2,,,,,,,,,
cardtitle_uzi_master,title,0,pr_expert_uzi_3,,,,,,,,,
uzi desert,camo,0,,,,,,,,,,
uzi arctic,camo,0,,,,,,,,,,
uzi woodland,camo,0,ch_expert_uzi,,,,,,,,,
uzi digital,camo,0,ch_expert_uzi_2,,,,,,,,,
uzi red_urban,camo,0,ch_expert_uzi_3,,,,,,,,,
uzi blue_tiger,camo,0,ch_expert_uzi_4,,,,,,,,,
uzi red_tiger,camo,0,ch_expert_uzi_5,,,,,,,,,
uzi orange_fall,camo,0,ch_expert_uzi_6,,,,,,,,,
uzi gold,camo,9999,,ch_expert_uzi_6;ch_uzi_mastery,,,,,,,,
tier_34_kriss,challenge,11,,,,,,,,,,
kriss,weapon,11,,,,,,,,,,
kriss rof,attachment,11,ch_marksman_kriss,,,,,,,,,
kriss reflex,attachment,11,ch_marksman_kriss_2,,,,,,,,,
kriss silencer,attachment,11,ch_marksman_kriss_3,,,,,,,,,
kriss acog,attachment,11,ch_marksman_kriss_4,,,,,,,,,
kriss fmj,attachment,11,ch_marksman_kriss_5,,,,,,,,,
kriss akimbo,attachment,11,ch_kriss_rof,,,,,,,,,
kriss eotech,attachment,11,ch_kriss_reflex,,,,,,,,,
kriss thermal,attachment,11,ch_kriss_acog,,,,,,,,,
kriss xmags,attachment,11,ch_kriss_fmj,,,,,,,,,
ch_marksman_kriss,challenge,11,,rof,reflex,silencer,acog,fmj,,,,title
ch_expert_kriss,challenge,11,,woodland,digital,red_urban,blue_tiger,red_tiger,orange_fall,,,
ch_kriss_rof,challenge,11,ch_marksman_kriss,akimbo,,,,,,,,
ch_kriss_reflex,challenge,11,ch_marksman_kriss_2,eotech,,,,,,,,
ch_kriss_acog,challenge,11,ch_marksman_kriss_4,thermal,,,,,,,,
ch_kriss_fmj,challenge,11,ch_marksman_kriss_5,xmags,,,,,,,,
ch_kriss_mastery,challenge,11,,,,,,,,,,
cardtitle_kriss_sharpshooter,title,0,ch_kriss_mastery,,,,,,,,,
cardtitle_kriss_marksman,title,0,pr_marksman_kriss,,,,,,,,,
cardicon_kriss_marksman,icon,0,pr_marksman_kriss_2,,,,,,,,,
cardtitle_kriss_veteran,title,0,pr_marksman_kriss_3,,,,,,,,,
cardtitle_kriss_expert,title,0,pr_expert_kriss,,,,,,,,,
cardicon_kriss_expert,icon,0,pr_expert_kriss_2,,,,,,,,,
cardtitle_kriss_master,title,0,pr_expert_kriss_3,,,,,,,,,
kriss desert,camo,0,,,,,,,,,,
kriss arctic,camo,0,,,,,,,,,,
kriss woodland,camo,0,ch_expert_kriss,,,,,,,,,
kriss digital,camo,0,ch_expert_kriss_2,,,,,,,,,
kriss red_urban,camo,0,ch_expert_kriss_3,,,,,,,,,
kriss blue_tiger,camo,0,ch_expert_kriss_4,,,,,,,,,
kriss red_tiger,camo,0,ch_expert_kriss_5,,,,,,,,,
kriss orange_fall,camo,0,ch_expert_kriss_6,,,,,,,,,
kriss gold,camo,9999,,ch_expert_kriss_6;ch_kriss_mastery,,,,,,,,
tier_54_ump45,challenge,4,,,,,,,,,,
ump45,weapon,0,,,,,,,,,,
ump45 rof,attachment,0,ch_marksman_ump45,,,,,,,,,
ump45 reflex,attachment,0,ch_marksman_ump45_2,,,,,,,,,
ump45 silencer,attachment,0,ch_marksman_ump45_3,,,,,,,,,
ump45 acog,attachment,0,ch_marksman_ump45_4,,,,,,,,,
ump45 fmj,attachment,0,ch_marksman_ump45_5,,,,,,,,,
ump45 akimbo,attachment,0,ch_ump45_rof,,,,,,,,,
ump45 eotech,attachment,0,ch_ump45_reflex,,,,,,,,,
ump45 thermal,attachment,0,ch_ump45_acog,,,,,,,,,
ump45 xmags,attachment,0,ch_ump45_fmj,,,,,,,,,
ch_marksman_ump45,challenge,4,,rof,reflex,silencer,acog,fmj,,,,title
ch_expert_ump45,challenge,4,,woodland,digital,red_urban,blue_tiger,red_tiger,orange_fall,,,
ch_ump45_rof,challenge,4,ch_marksman_ump45,akimbo,,,,,,,,
ch_ump45_reflex,challenge,4,ch_marksman_ump45_2,eotech,,,,,,,,
ch_ump45_acog,challenge,4,ch_marksman_ump45_4,thermal,,,,,,,,
ch_ump45_fmj,challenge,4,ch_marksman_ump45_5,xmags,,,,,,,,
ch_ump45_mastery,challenge,4,,,,,,,,,,
cardtitle_ump45_sharpshooter,title,0,ch_ump45_mastery,,,,,,,,,
cardtitle_ump45_marksman,title,0,pr_marksman_ump45,,,,,,,,,
cardicon_ump45_marksman,icon,0,pr_marksman_ump45_2,,,,,,,,,
cardtitle_ump45_veteran,title,0,pr_marksman_ump45_3,,,,,,,,,
cardtitle_ump45_expert,title,0,pr_expert_ump45,,,,,,,,,
cardicon_ump45_expert,icon,0,pr_expert_ump45_2,,,,,,,,,
cardtitle_ump45_master,title,0,pr_expert_ump45_3,,,,,,,,,
ump45 desert,camo,0,,,,,,,,,,
ump45 arctic,camo,0,,,,,,,,,,
ump45 woodland,camo,0,ch_expert_ump45,,,,,,,,,
ump45 digital,camo,0,ch_expert_ump45_2,,,,,,,,,
ump45 red_urban,camo,0,ch_expert_ump45_3,,,,,,,,,
ump45 blue_tiger,camo,0,ch_expert_ump45_4,,,,,,,,,
ump45 red_tiger,camo,0,ch_expert_ump45_5,,,,,,,,,
ump45 orange_fall,camo,0,ch_expert_ump45_6,,,,,,,,,
ump45 gold,camo,9999,,ch_expert_ump45_6;ch_ump45_mastery,,,,,,,,
tier_44_p90,challenge,23,,,,,,,,,,
p90,weapon,23,,,,,,,,,,
p90 rof,attachment,23,ch_marksman_p90,,,,,,,,,
p90 reflex,attachment,23,ch_marksman_p90_2,,,,,,,,,
p90 silencer,attachment,23,ch_marksman_p90_3,,,,,,,,,
p90 acog,attachment,23,ch_marksman_p90_4,,,,,,,,,
p90 fmj,attachment,23,ch_marksman_p90_5,,,,,,,,,
p90 akimbo,attachment,23,ch_p90_rof,,,,,,,,,
p90 eotech,attachment,23,ch_p90_reflex,,,,,,,,,
p90 thermal,attachment,23,ch_p90_acog,,,,,,,,,
p90 xmags,attachment,23,ch_p90_fmj,,,,,,,,,
ch_marksman_p90,challenge,23,,rof,reflex,silencer,acog,fmj,,,,title
ch_expert_p90,challenge,23,,woodland,digital,red_urban,blue_tiger,red_tiger,orange_fall,,,
ch_p90_rof,challenge,23,ch_marksman_p90,akimbo,,,,,,,,
ch_p90_reflex,challenge,23,ch_marksman_p90_2,eotech,,,,,,,,
ch_p90_acog,challenge,23,ch_marksman_p90_4,thermal,,,,,,,,
ch_p90_fmj,challenge,23,ch_marksman_p90_5,xmags,,,,,,,,
ch_p90_mastery,challenge,23,,,,,,,,,,
cardtitle_p90_sharpshooter,title,0,ch_p90_mastery,,,,,,,,,
cardtitle_p90_marksman,title,0,pr_marksman_p90,,,,,,,,,
cardicon_p90_marksman,icon,0,pr_marksman_p90_2,,,,,,,,,
cardtitle_p90_veteran,title,0,pr_marksman_p90_3,,,,,,,,,
cardtitle_p90_expert,title,0,pr_expert_p90,,,,,,,,,
cardicon_p90_expert,icon,0,pr_expert_p90_2,,,,,,,,,
cardtitle_p90_master,title,0,pr_expert_p90_3,,,,,,,,,
p90 desert,camo,0,,,,,,,,,,
p90 arctic,camo,0,,,,,,,,,,
p90 woodland,camo,0,ch_expert_p90,,,,,,,,,
p90 digital,camo,0,ch_expert_p90_2,,,,,,,,,
p90 red_urban,camo,0,ch_expert_p90_3,,,,,,,,,
p90 blue_tiger,camo,0,ch_expert_p90_4,,,,,,,,,
p90 red_tiger,camo,0,ch_expert_p90_5,,,,,,,,,
p90 orange_fall,camo,0,ch_expert_p90_6,,,,,,,,,
p90 gold,camo,9999,,ch_expert_p90_6;ch_p90_mastery,,,,,,,,
tier_27_cheytac,challenge,4,,,,,,,,,,
cheytac,weapon,0,,,,,,,,,,
cheytac silencer,attachment,0,ch_marksman_cheytac,,,,,,,,,
cheytac acog,attachment,0,ch_marksman_cheytac_2,,,,,,,,,
cheytac fmj,attachment,0,ch_marksman_cheytac_3,,,,,,,,,
cheytac heartbeat,attachment,0,ch_cheytac_silencer,,,,,,,,,
cheytac thermal,attachment,0,ch_cheytac_acog,,,,,,,,,
cheytac xmags,attachment,0,ch_cheytac_fmj,,,,,,,,,
ch_marksman_cheytac,challenge,4,,silencer,acog,fmj,,,,,,
ch_expert_cheytac,challenge,4,,woodland,digital,red_urban,blue_tiger,red_tiger,orange_fall,,,
ch_cheytac_silencer,challenge,4,ch_marksman_cheytac,heartbeat,,,,,,,,
ch_cheytac_acog,challenge,4,ch_marksman_cheytac_2,thermal,,,,,,,,
ch_cheytac_fmj,challenge,4,ch_marksman_cheytac_3,xmags,,,,,,,,
ch_cheytac_mastery,challenge,4,,,,,,,,,,
cardtitle_cheytac_sharpshooter,title,0,ch_cheytac_mastery,,,,,,,,,
cardtitle_cheytac_marksman,title,0,pr_marksman_cheytac,,,,,,,,,
cardicon_cheytac_marksman,icon,0,pr_marksman_cheytac_2,,,,,,,,,
cardtitle_cheytac_veteran,title,0,pr_marksman_cheytac_3,,,,,,,,,
cardtitle_cheytac_expert,title,0,pr_expert_cheytac,,,,,,,,,
cardicon_cheytac_expert,icon,0,pr_expert_cheytac_2,,,,,,,,,
cardtitle_cheytac_master,title,0,pr_expert_cheytac_3,,,,,,,,,
cheytac desert,camo,0,,,,,,,,,,
cheytac arctic,camo,0,,,,,,,,,,
cheytac woodland,camo,0,ch_expert_cheytac,,,,,,,,,
cheytac digital,camo,0,ch_expert_cheytac_2,,,,,,,,,
cheytac red_urban,camo,0,ch_expert_cheytac_3,,,,,,,,,
cheytac blue_tiger,camo,0,ch_expert_cheytac_4,,,,,,,,,
cheytac red_tiger,camo,0,ch_expert_cheytac_5,,,,,,,,,
cheytac orange_fall,camo,0,ch_expert_cheytac_6,,,,,,,,,
cheytac gold,camo,9999,,ch_expert_cheytac_6;ch_cheytac_mastery,,,,,,,,
tier_37_m21,challenge,55,,,,,,,,,,
m21,weapon,55,,,,,,,,,,
m21 silencer,attachment,55,ch_marksman_m21,,,,,,,,,
m21 acog,attachment,55,ch_marksman_m21_2,,,,,,,,,
m21 fmj,attachment,55,ch_marksman_m21_3,,,,,,,,,
m21 heartbeat,attachment,55,ch_m21_silencer,,,,,,,,,
m21 thermal,attachment,55,ch_m21_acog,,,,,,,,,
m21 xmags,attachment,55,ch_m21_fmj,,,,,,,,,
ch_marksman_m21,challenge,55,,silencer,acog,fmj,,,,,,
ch_expert_m21,challenge,55,,woodland,digital,red_urban,blue_tiger,red_tiger,orange_fall,,,
ch_m21_silencer,challenge,55,ch_marksman_m21,heartbeat,,,,,,,,
ch_m21_acog,challenge,55,ch_marksman_m21_2,thermal,,,,,,,,
ch_m21_fmj,challenge,55,ch_marksman_m21_3,xmags,,,,,,,,
ch_m21_mastery,challenge,55,,,,,,,,,,
cardtitle_m21_sharpshooter,title,0,ch_m21_mastery,,,,,,,,,
cardtitle_m21_marksman,title,0,pr_marksman_m21,,,,,,,,,
cardicon_m21_marksman,icon,0,pr_marksman_m21_2,,,,,,,,,
cardtitle_m21_veteran,title,0,pr_marksman_m21_3,,,,,,,,,
cardtitle_m21_expert,title,0,pr_expert_m21,,,,,,,,,
cardicon_m21_expert,icon,0,pr_expert_m21_2,,,,,,,,,
cardtitle_m21_master,title,0,pr_expert_m21_3,,,,,,,,,
m21 desert,camo,0,,,,,,,,,,
m21 arctic,camo,0,,,,,,,,,,
m21 woodland,camo,0,ch_expert_m21,,,,,,,,,
m21 digital,camo,0,ch_expert_m21_2,,,,,,,,,
m21 red_urban,camo,0,ch_expert_m21_3,,,,,,,,,
m21 blue_tiger,camo,0,ch_expert_m21_4,,,,,,,,,
m21 red_tiger,camo,0,ch_expert_m21_5,,,,,,,,,
m21 orange_fall,camo,0,ch_expert_m21_6,,,,,,,,,
m21 gold,camo,9999,,ch_expert_m21_6;ch_m21_mastery,,,,,,,,
tier_24_barrett,challenge,4,,,,,,,,,,
barrett,weapon,0,,,,,,,,,,
barrett silencer,attachment,0,ch_marksman_barrett,,,,,,,,,
barrett acog,attachment,0,ch_marksman_barrett_2,,,,,,,,,
barrett fmj,attachment,0,ch_marksman_barrett_3,,,,,,,,,
barrett heartbeat,attachment,0,ch_barrett_silencer,,,,,,,,,
barrett thermal,attachment,0,ch_barrett_acog,,,,,,,,,
barrett xmags,attachment,0,ch_barrett_fmj,,,,,,,,,
ch_marksman_barrett,challenge,4,,silencer,acog,fmj,,,,,,
ch_expert_barrett,challenge,4,,woodland,digital,red_urban,blue_tiger,red_tiger,orange_fall,,,
ch_barrett_silencer,challenge,4,ch_marksman_barrett,heartbeat,,,,,,,,
ch_barrett_acog,challenge,4,ch_marksman_barrett_2,thermal,,,,,,,,
ch_barrett_fmj,challenge,4,ch_marksman_barrett_3,xmags,,,,,,,,
ch_barrett_mastery,challenge,4,,,,,,,,,,
cardtitle_barrett_sharpshooter,title,0,ch_barrett_mastery,,,,,,,,,
cardtitle_barrett_marksman,title,0,pr_marksman_barrett,,,,,,,,,
cardicon_barrett_marksman,icon,0,pr_marksman_barrett_2,,,,,,,,,
cardtitle_barrett_veteran,title,0,pr_marksman_barrett_3,,,,,,,,,
cardtitle_barrett_expert,title,0,pr_expert_barrett,,,,,,,,,
cardicon_barrett_expert,icon,0,pr_expert_barrett_2,,,,,,,,,
cardtitle_barrett_master,title,0,pr_expert_barrett_3,,,,,,,,,
barrett desert,camo,0,,,,,,,,,,
barrett arctic,camo,0,,,,,,,,,,
barrett woodland,camo,0,ch_expert_barrett,,,,,,,,,
barrett digital,camo,0,ch_expert_barrett_2,,,,,,,,,
barrett red_urban,camo,0,ch_expert_barrett_3,,,,,,,,,
barrett blue_tiger,camo,0,ch_expert_barrett_4,,,,,,,,,
barrett red_tiger,camo,0,ch_expert_barrett_5,,,,,,,,,
barrett orange_fall,camo,0,ch_expert_barrett_6,,,,,,,,,
barrett gold,camo,9999,,ch_expert_barrett_6;ch_barrett_mastery,,,,,,,,
tier_57_wa2000,challenge,35,,,,,,,,,,
wa2000,weapon,35,,,,,,,,,,
wa2000 silencer,attachment,35,ch_marksman_wa2000,,,,,,,,,
wa2000 acog,attachment,35,ch_marksman_wa2000_2,,,,,,,,,
wa2000 fmj,attachment,35,ch_marksman_wa2000_3,,,,,,,,,
wa2000 heartbeat,attachment,35,ch_wa2000_silencer,,,,,,,,,
wa2000 thermal,attachment,35,ch_wa2000_acog,,,,,,,,,
wa2000 xmags,attachment,35,ch_wa2000_fmj,,,,,,,,,
ch_marksman_wa2000,challenge,35,,silencer,acog,fmj,,,,,,
ch_expert_wa2000,challenge,35,,woodland,digital,red_urban,blue_tiger,red_tiger,orange_fall,,,
ch_wa2000_silencer,challenge,35,ch_marksman_wa2000,heartbeat,,,,,,,,
ch_wa2000_acog,challenge,35,ch_marksman_wa2000_2,thermal,,,,,,,,
ch_wa2000_fmj,challenge,35,ch_marksman_wa2000_3,xmags,,,,,,,,
ch_wa2000_mastery,challenge,35,,,,,,,,,,
cardtitle_wa2000_sharpshooter,title,0,ch_wa2000_mastery,,,,,,,,,
cardtitle_wa2000_marksman,title,0,pr_marksman_wa2000,,,,,,,,,
cardicon_wa2000_marksman,icon,0,pr_marksman_wa2000_2,,,,,,,,,
cardtitle_wa2000_veteran,title,0,pr_marksman_wa2000_3,,,,,,,,,
cardtitle_wa2000_expert,title,0,pr_expert_wa2000,,,,,,,,,
cardicon_wa2000_expert,icon,0,pr_expert_wa2000_2,,,,,,,,,
cardtitle_wa2000_master,title,0,pr_expert_wa2000_3,,,,,,,,,
wa2000 desert,camo,0,,,,,,,,,,
wa2000 arctic,camo,0,,,,,,,,,,
wa2000 woodland,camo,0,ch_expert_wa2000,,,,,,,,,
wa2000 digital,camo,0,ch_expert_wa2000_2,,,,,,,,,
wa2000 red_urban,camo,0,ch_expert_wa2000_3,,,,,,,,,
wa2000 blue_tiger,camo,0,ch_expert_wa2000_4,,,,,,,,,
wa2000 red_tiger,camo,0,ch_expert_wa2000_5,,,,,,,,,
wa2000 orange_fall,camo,0,ch_expert_wa2000_6,,,,,,,,,
wa2000 gold,camo,9999,,ch_expert_wa2000_6;ch_wa2000_mastery,,,,,,,,
tier_33_glock,challenge,21,,,,,,,,,,
glock,weapon,21,,,,,,,,,,
glock reflex,attachment,21,ch_marksman_glock,,,,,,,,,
glock silencer,attachment,21,ch_marksman_glock_2,,,,,,,,,
glock fmj,attachment,21,ch_marksman_glock_3,,,,,,,,,
glock akimbo,attachment,21,ch_marksman_glock_4,,,,,,,,,
glock eotech,attachment,21,ch_marksman_glock_5,,,,,,,,,
glock xmags,attachment,21,ch_marksman_glock_6,,,,,,,,,
ch_marksman_glock,challenge,21,,reflex,silencer,fmj,akimbo,eotech,xmags,,,
ch_expert_glock,challenge,21,,,,,,,,,,
cardtitle_glock_marksman,title,0,pr_marksman_glock,,,,,,,,,
cardicon_glock_marksman,icon,0,pr_marksman_glock_2,,,,,,,,,
cardtitle_glock_veteran,title,0,pr_marksman_glock_3,,,,,,,,,
cardtitle_glock_expert,title,0,pr_expert_glock,,,,,,,,,
cardicon_glock_expert,icon,0,pr_expert_glock_2,,,,,,,,,
cardtitle_glock_master,title,0,pr_expert_glock_3,,,,,,,,,
tier_53_tmp,challenge,57,,,,,,,,,,
tmp,weapon,57,,,,,,,,,,
tmp reflex,attachment,57,ch_marksman_tmp,,,,,,,,,
tmp silencer,attachment,57,ch_marksman_tmp_2,,,,,,,,,
tmp fmj,attachment,57,ch_marksman_tmp_3,,,,,,,,,
tmp akimbo,attachment,57,ch_marksman_tmp_4,,,,,,,,,
tmp eotech,attachment,57,ch_marksman_tmp_5,,,,,,,,,
tmp xmags,attachment,57,ch_marksman_tmp_6,,,,,,,,,
ch_marksman_tmp,challenge,57,,reflex,silencer,fmj,akimbo,eotech,xmags,,,
ch_expert_tmp,challenge,57,,,,,,,,,,
cardtitle_tmp_marksman,title,0,pr_marksman_tmp,,,,,,,,,
cardicon_tmp_marksman,icon,0,pr_marksman_tmp_2,,,,,,,,,
cardtitle_tmp_veteran,title,0,pr_marksman_tmp_3,,,,,,,,,
cardtitle_tmp_expert,title,0,pr_expert_tmp,,,,,,,,,
cardicon_tmp_expert,icon,0,pr_expert_tmp_2,,,,,,,,,
cardtitle_tmp_master,title,0,pr_expert_tmp_3,,,,,,,,,
tier_25_beretta393,challenge,37,,,,,,,,,,
beretta393,weapon,37,,,,,,,,,,
beretta393 reflex,attachment,37,ch_marksman_beretta393,,,,,,,,,
beretta393 silencer,attachment,37,ch_marksman_beretta393_2,,,,,,,,,
beretta393 fmj,attachment,37,ch_marksman_beretta393_3,,,,,,,,,
beretta393 akimbo,attachment,37,ch_marksman_beretta393_4,,,,,,,,,
beretta393 eotech,attachment,37,ch_marksman_beretta393_5,,,,,,,,,
beretta393 xmags,attachment,37,ch_marksman_beretta393_6,,,,,,,,,
ch_marksman_beretta393,challenge,37,,reflex,silencer,fmj,akimbo,eotech,xmags,,,
ch_expert_beretta393,challenge,37,,,,,,,,,,
cardtitle_beretta393_marksman,title,0,pr_marksman_beretta393,,,,,,,,,
cardicon_beretta393_marksman,icon,0,pr_marksman_beretta393_2,,,,,,,,,
cardtitle_beretta393_veteran,title,0,pr_marksman_beretta393_3,,,,,,,,,
cardtitle_beretta393_expert,title,0,pr_expert_beretta393,,,,,,,,,
cardicon_beretta393_expert,icon,0,pr_expert_beretta393_2,,,,,,,,,
cardtitle_beretta393_master,title,0,pr_expert_beretta393_3,,,,,,,,,
tier_45_pp2000,challenge,4,,,,,,,,,,
pp2000,weapon,0,,,,,,,,,,
pp2000 reflex,attachment,0,ch_marksman_pp2000,,,,,,,,,
pp2000 silencer,attachment,0,ch_marksman_pp2000_2,,,,,,,,,
pp2000 fmj,attachment,0,ch_marksman_pp2000_3,,,,,,,,,
pp2000 akimbo,attachment,0,ch_marksman_pp2000_4,,,,,,,,,
pp2000 eotech,attachment,0,ch_marksman_pp2000_5,,,,,,,,,
pp2000 xmags,attachment,0,ch_marksman_pp2000_6,,,,,,,,,
ch_marksman_pp2000,challenge,4,,reflex,silencer,fmj,akimbo,eotech,xmags,,,
ch_expert_pp2000,challenge,4,,,,,,,,,,
cardtitle_pp2000_marksman,title,0,pr_marksman_pp2000,,,,,,,,,
cardicon_pp2000_marksman,icon,0,pr_marksman_pp2000_2,,,,,,,,,
cardtitle_pp2000_veteran,title,0,pr_marksman_pp2000_3,,,,,,,,,
cardtitle_pp2000_expert,title,0,pr_expert_pp2000,,,,,,,,,
cardicon_pp2000_expert,icon,0,pr_expert_pp2000_2,,,,,,,,,
cardtitle_pp2000_master,title,0,pr_expert_pp2000_3,,,,,,,,,
tier_51_striker,challenge,33,,,,,,,,,,
striker,weapon,33,,,,,,,,,,
striker reflex,attachment,33,ch_marksman_striker,,,,,,,,,
striker silencer,attachment,33,ch_marksman_striker_2,,,,,,,,,
striker grip,attachment,33,ch_marksman_striker_3,,,,,,,,,
striker fmj,attachment,33,ch_marksman_striker_4,,,,,,,,,
striker eotech,attachment,33,ch_marksman_striker_5,,,,,,,,,
striker xmags,attachment,33,ch_marksman_striker_6,,,,,,,,,
ch_marksman_striker,challenge,33,,reflex,silencer,grip,fmj,eotech,xmags,,,
ch_expert_striker,challenge,33,,,,,,,,,,
cardtitle_striker_marksman,title,0,pr_marksman_striker,,,,,,,,,
cardicon_striker_marksman,icon,0,pr_marksman_striker_2,,,,,,,,,
cardtitle_striker_veteran,title,0,pr_marksman_striker_3,,,,,,,,,
cardtitle_striker_expert,title,0,pr_expert_striker,,,,,,,,,
cardicon_striker_expert,icon,0,pr_expert_striker_2,,,,,,,,,
cardtitle_striker_master,title,0,pr_expert_striker_3,,,,,,,,,
tier_21_aa12,challenge,17,,,,,,,,,,
aa12,weapon,17,,,,,,,,,,
aa12 reflex,attachment,17,ch_marksman_aa12,,,,,,,,,
aa12 silencer,attachment,17,ch_marksman_aa12_2,,,,,,,,,
aa12 grip,attachment,17,ch_marksman_aa12_3,,,,,,,,,
aa12 fmj,attachment,17,ch_marksman_aa12_4,,,,,,,,,
aa12 eotech,attachment,17,ch_marksman_aa12_5,,,,,,,,,
aa12 xmags,attachment,17,ch_marksman_aa12_6,,,,,,,,,
ch_marksman_aa12,challenge,17,,reflex,silencer,grip,fmj,eotech,xmags,,,
ch_expert_aa12,challenge,17,,,,,,,,,,
cardtitle_aa12_marksman,title,0,pr_marksman_aa12,,,,,,,,,
cardicon_aa12_marksman,icon,0,pr_marksman_aa12_2,,,,,,,,,
cardtitle_aa12_veteran,title,0,pr_marksman_aa12_3,,,,,,,,,
cardtitle_aa12_expert,title,0,pr_expert_aa12,,,,,,,,,
cardicon_aa12_expert,icon,0,pr_expert_aa12_2,,,,,,,,,
cardtitle_aa12_master,title,0,pr_expert_aa12_3,,,,,,,,,
tier_39_m1014,challenge,53,,,,,,,,,,
m1014,weapon,53,,,,,,,,,,
m1014 reflex,attachment,53,ch_marksman_m1014,,,,,,,,,
m1014 silencer,attachment,53,ch_marksman_m1014_2,,,,,,,,,
m1014 grip,attachment,53,ch_marksman_m1014_3,,,,,,,,,
m1014 fmj,attachment,53,ch_marksman_m1014_4,,,,,,,,,
m1014 eotech,attachment,53,ch_marksman_m1014_5,,,,,,,,,
m1014 xmags,attachment,53,ch_marksman_m1014_6,,,,,,,,,
ch_marksman_m1014,challenge,53,,reflex,silencer,grip,fmj,eotech,xmags,,,
ch_expert_m1014,challenge,53,,,,,,,,,,
cardtitle_m1014_marksman,title,0,pr_marksman_m1014,,,,,,,,,
cardicon_m1014_marksman,icon,0,pr_marksman_m1014_2,,,,,,,,,
cardtitle_m1014_veteran,title,0,pr_marksman_m1014_3,,,,,,,,,
cardtitle_m1014_expert,title,0,pr_expert_m1014,,,,,,,,,
cardicon_m1014_expert,icon,0,pr_expert_m1014_2,,,,,,,,,
cardtitle_m1014_master,title,0,pr_expert_m1014_3,,,,,,,,,
tier_50_spas12,challenge,4,,,,,,,,,,
spas12,weapon,0,,,,,,,,,,
spas12 reflex,attachment,0,ch_marksman_spas12,,,,,,,,,
spas12 silencer,attachment,0,ch_marksman_spas12_2,,,,,,,,,
spas12 grip,attachment,0,ch_marksman_spas12_3,,,,,,,,,
spas12 fmj,attachment,0,ch_marksman_spas12_4,,,,,,,,,
spas12 eotech,attachment,0,ch_marksman_spas12_5,,,,,,,,,
spas12 xmags,attachment,0,ch_marksman_spas12_6,,,,,,,,,
ch_marksman_spas12,challenge,4,,reflex,silencer,grip,fmj,eotech,xmags,,,
ch_expert_spas12,challenge,4,,,,,,,,,,
cardtitle_spas12_marksman,title,0,pr_marksman_spas12,,,,,,,,,
cardicon_spas12_marksman,icon,0,pr_marksman_spas12_2,,,,,,,,,
cardtitle_spas12_veteran,title,0,pr_marksman_spas12_3,,,,,,,,,
cardtitle_spas12_expert,title,0,pr_expert_spas12,,,,,,,,,
cardicon_spas12_expert,icon,0,pr_expert_spas12_2,,,,,,,,,
cardtitle_spas12_master,title,0,pr_expert_spas12_3,,,,,,,,,
tier_42_model1887,challenge,66,,,,,,,,,,
model1887,weapon,66,,,,,,,,,,
model1887 akimbo,attachment,66,ch_marksman_model1887,,,,,,,,,
model1887 fmj,attachment,66,ch_marksman_model1887_2,,,,,,,,,
ch_marksman_model1887,challenge,66,,akimbo,fmj,,,,,,,
ch_expert_model1887,challenge,66,,,,,,,,,,
cardtitle_model1887_marksman,title,0,pr_marksman_model1887,,,,,,,,,
cardicon_model1887_marksman,icon,0,pr_marksman_model1887_2,,,,,,,,,
cardtitle_model1887_veteran,title,0,pr_marksman_model1887_3,,,,,,,,,
cardtitle_model1887_expert,title,0,pr_expert_model1887,,,,,,,,,
cardicon_model1887_expert,icon,0,pr_expert_model1887_2,,,,,,,,,
cardtitle_model1887_master,title,0,pr_expert_model1887_3,,,,,,,,,
tier_46_ranger,challenge,41,,,,,,,,,,
ranger,weapon,41,,,,,,,,,,
ranger akimbo,attachment,41,ch_marksman_ranger,,,,,,,,,
ranger fmj,attachment,41,ch_marksman_ranger_2,,,,,,,,,
ch_marksman_ranger,challenge,41,,akimbo,fmj,,,,,,,
ch_expert_ranger,challenge,41,,,,,,,,,,
cardtitle_ranger_marksman,title,0,pr_marksman_ranger,,,,,,,,,
cardicon_ranger_marksman,icon,0,pr_marksman_ranger_2,,,,,,,,,
cardtitle_ranger_veteran,title,0,pr_marksman_ranger_3,,,,,,,,,
cardtitle_ranger_expert,title,0,pr_expert_ranger,,,,,,,,,
cardicon_ranger_expert,icon,0,pr_expert_ranger_2,,,,,,,,,
cardtitle_ranger_master,title,0,pr_expert_ranger_3,,,,,,,,,
tier_26_beretta,challenge,45,,,,,,,,,,
beretta,weapon,45,,,,,,,,,,
beretta fmj,attachment,45,ch_marksman_beretta,,,,,,,,,
beretta silencer,attachment,45,ch_marksman_beretta_2,,,,,,,,,
beretta akimbo,attachment,45,ch_marksman_beretta_3,,,,,,,,,
beretta tactical,attachment,45,ch_marksman_beretta_4,,,,,,,,,
beretta xmags,attachment,45,ch_marksman_beretta_5,,,,,,,,,
ch_marksman_beretta,challenge,45,,fmj,silencer,akimbo,tactical,xmags,,,,title
ch_expert_beretta,challenge,61,,,,,,,,,,
cardtitle_beretta_marksman,title,0,pr_marksman_beretta,,,,,,,,,
cardicon_beretta_marksman,icon,0,pr_marksman_beretta_2,,,,,,,,,
cardtitle_beretta_veteran,title,0,pr_marksman_beretta_3,,,,,,,,,
cardtitle_beretta_expert,title,0,pr_expert_beretta,,,,,,,,,
cardicon_beretta_expert,icon,0,pr_expert_beretta_2,,,,,,,,,
cardtitle_beretta_master,title,0,pr_expert_beretta_3,,,,,,,,,
tier_55_usp,challenge,4,,,,,,,,,,
usp,weapon,0,,,,,,,,,,
usp fmj,attachment,0,ch_marksman_usp,,,,,,,,,
usp silencer,attachment,0,ch_marksman_usp_2,,,,,,,,,
usp akimbo,attachment,0,ch_marksman_usp_3,,,,,,,,,
usp tactical,attachment,0,ch_marksman_usp_4,,,,,,,,,
usp xmags,attachment,0,ch_marksman_usp_5,,,,,,,,,
ch_marksman_usp,challenge,4,,fmj,silencer,akimbo,tactical,xmags,,,,title
ch_expert_usp,challenge,4,,,,,,,,,,
cardtitle_usp_marksman,title,0,pr_marksman_usp,,,,,,,,,
cardicon_usp_marksman,icon,0,pr_marksman_usp_2,,,,,,,,,
cardtitle_usp_veteran,title,0,pr_marksman_usp_3,,,,,,,,,
cardtitle_usp_expert,title,0,pr_expert_usp,,,,,,,,,
cardicon_usp_expert,icon,0,pr_expert_usp_2,,,,,,,,,
cardtitle_usp_master,title,0,pr_expert_usp_3,,,,,,,,,
tier_29_deserteagle,challenge,61,,,,,,,,,,
deserteagle,weapon,61,,,,,,,,,,
deserteagle fmj,attachment,61,ch_marksman_deserteagle,,,,,,,,,
deserteagle akimbo,attachment,61,ch_marksman_deserteagle_2,,,,,,,,,
deserteagle tactical,attachment,61,ch_marksman_deserteagle_3,,,,,,,,,
ch_marksman_deserteagle,challenge,61,,fmj,akimbo,tactical,,,,,,
ch_expert_deserteagle,challenge,61,,,,,,,,,,
cardtitle_deserteagle_marksman,title,0,pr_marksman_deserteagle,,,,,,,,,
cardicon_deserteagle_marksman,icon,0,pr_marksman_deserteagle_2,,,,,,,,,
cardtitle_deserteagle_veteran,title,0,pr_marksman_deserteagle_3,,,,,,,,,
cardtitle_deserteagle_expert,title,0,pr_expert_deserteagle,,,,,,,,,
cardicon_deserteagle_expert,icon,0,pr_expert_deserteagle_2,,,,,,,,,
cardtitle_deserteagle_master,title,0,pr_expert_deserteagle_3,,,,,,,,,
tier_28_coltanaconda,challenge,25,,,,,,,,,,
coltanaconda,weapon,25,,,,,,,,,,
coltanaconda fmj,attachment,25,ch_marksman_coltanaconda,,,,,,,,,
coltanaconda akimbo,attachment,25,ch_marksman_coltanaconda_2,,,,,,,,,
coltanaconda tactical,attachment,25,ch_marksman_coltanaconda_3,,,,,,,,,
ch_marksman_coltanaconda,challenge,25,,fmj,akimbo,tactical,,,,,,
ch_expert_coltanaconda,challenge,25,,,,,,,,,,
cardtitle_coltanaconda_marksman,title,0,pr_marksman_coltanaconda,,,,,,,,,
cardicon_coltanaconda_marksman,icon,0,pr_marksman_coltanaconda_2,,,,,,,,,
cardtitle_coltanaconda_veteran,title,0,pr_marksman_coltanaconda_3,,,,,,,,,
cardtitle_coltanaconda_expert,title,0,pr_expert_coltanaconda,,,,,,,,,
cardicon_coltanaconda_expert,icon,0,pr_expert_coltanaconda_2,,,,,,,,,
cardtitle_coltanaconda_master,title,0,pr_expert_coltanaconda_3,,,,,,,,,
ch_ghillie,challenge,5,,arctic,red_urban,desert,,,,,,
cardtitle_flyswatter,title,1,ch_flyswatter,,,,,,,,,
cardtitle_avenger,title,1,ch_avenger,,,,,,,,,
cardtitle_shotdown,title,1,ch_crouchshot,,,,,,,,,
cardtitle_tangodown,title,1,ch_proneshot,,,,,,,,,
cardtitle_bowdown,title,1,ch_crouchshot_2,,,,,,,,,
cardtitle_lowprofile,title,1,ch_proneshot_2,,,,,,,,,
cardtitle_dishtherock,title,1,ch_assists,,,,,,,,,
cardtitle_jointops,title,1,ch_assists_2,,,,,,,,,
cardtitle_sprayandpray,title,1,ch_xrayvision,,,,,,,,,
cardtitle_submittoauthority,title,1,ch_xrayvision_2,,,,,,,,,
cardtitle_pyro,title,1,ch_backdraft,,,,,,,,,
cardtitle_fired,title,1,ch_yourefired,,,,,,,,,
cardtitle_drifter,title,1,ch_vandalism,,,,,,,,,
cardtitle_pushindaisy,title,1,ch_goodbye,,,,,,,,,
cardtitle_accidentprone,title,1,ch_basejump,,,,,,,,,
cardtitle_flag_united_states,title,6,,,,,,,,,,
cardtitle_flag_uk,title,6,,,,,,,,,,
cardtitle_flag_canada,title,6,,,,,,,,,,
cardtitle_flag_australia,title,6,,,,,,,,,,
cardtitle_flag_france,title,6,,,,,,,,,,
cardtitle_flag_mexico,title,6,,,,,,,,,,
cardtitle_flag_germany,title,6,,,,,,,,,,
cardtitle_flag_italy,title,6,,,,,,,,,,
cardtitle_flag_japan,title,6,,,,,,,,,,
cardtitle_flag_norway,title,6,,,,,,,,,,
cardtitle_flag_russia,title,6,,,,,,,,,,
cardtitle_flag_greece,title,6,,,,,,,,,,
cardtitle_flag_spain,title,6,,,,,,,,,,
cardtitle_flag_sweden,title,6,,,,,,,,,,
cardtitle_flag_ireland,title,6,,,,,,,,,,
cardtitle_flag_belgium,title,6,,,,,,,,,,
cardtitle_flag_finland,title,6,,,,,,,,,,
cardtitle_flag_luxemburg,title,6,,,,,,,,,,
cardtitle_flag_czech,title,6,,,,,,,,,,
cardtitle_flag_netherlands,title,6,,,,,,,,,,
cardtitle_flag_newzealand,title,6,,,,,,,,,,
cardtitle_flag_brazil,title,6,,,,,,,,,,
cardtitle_flag_philippines,title,6,,,,,,,,,,
cardtitle_flag_poland,title,6,,,,,,,,,,
cardtitle_flag_portugal,title,6,,,,,,,,,,
cardtitle_flag_denmark,title,6,,,,,,,,,,
cardtitle_flag_saudiarabia,title,6,,,,,,,,,,
cardtitle_flag_singapore,title,6,,,,,,,,,,
cardtitle_flag_southafrica,title,6,,,,,,,,,,
cardtitle_flag_southkorea,title,6,,,,,,,,,,
cardtitle_flag_hongkong,title,6,,,,,,,,,,
cardtitle_flag_india,title,6,,,,,,,,,,
cardtitle_flag_swiss,title,6,,,,,,,,,,
cardtitle_flag_taiwan,title,6,,,,,,,,,,
cardtitle_flag_austria,title,6,,,,,,,,,,
cardtitle_flag_united_arab_emirates,title,6,,,,,,,,,,
cardtitle_flag_elsalvador,title,6,,,,,,,,,,
cardtitle_flag_china,title,6,,,,,,,,,,
cardtitle_flag_iran,title,6,,,,,,,,,,
cardtitle_lonewolf,title,1,ch_victor_dm,,,,,,,,,
cardtitle_getreal,title,1,ch_teamplayer_hc,,,,,,,,,
cardtitle_teamplayer,title,1,ch_teamplayer,,,,,,,,,
cardtitle_destroyer,title,1,ch_victor_sd,,,,,,,,,
cardtitle_its_sabotage,title,1,ch_victor_sab,,,,,,,,,
cardtitle_hotshot,title,1,ch_hero,,,,,,,,,
cardtitle_feared,title,1,ch_victor_dm_2,,,,,,,,,
cardtitle_publicenemy,title,1,ch_mvp_tdm,,,,,,,,,
cardtitle_bombshell,title,1,ch_bombdown,,,,,,,,,
cardtitle_thabomb,title,1,ch_bombdefender,,,,,,,,,
cardtitle_explosiveordinance,title,1,ch_victor_sd_2,,,,,,,,,
cardtitle_madbomber,title,1,ch_saboteur,,,,,,,,,
cardtitle_harcoreonly,title,1,ch_teamplayer_hc_2,,,,,,,,,
cardtitle_intergalactic,title,1,ch_victor_sab_2,,,,,,,,,
cardtitle_bob,title,1,ch_teamplayer_2,,,,,,,,,
cardtitle_survivor,title,1,ch_survivor,,,,,,,,,
cardtitle_overwatch,title,1,ch_uav,,,,,,,,,
cardtitle_dzclear,title,1,ch_airdrop,,,,,,,,,
cardtitle_rainoffire,title,1,ch_predator_missile,,,,,,,,,
cardtitle_steelreign,title,1,ch_helicopter,,,,,,,,,
cardtitle_timeontarget,title,1,ch_precision_airstrike,,,,,,,,,
cardtitle_brokenarrow,title,1,ch_precision_airstrike_2,,,,,,,,,
cardtitle_givinstatic,title,1,ch_counter_uav,,,,,,,,,
cardtitle_jumpjet,title,1,ch_harrier_strike,,,,,,,,,
cardtitle_philanthropist,title,1,ch_airdrop_mega_2,,,,,,,,,
cardtitle_sigint,title,1,ch_counter_uav_2,,,,,,,,,
cardtitle_nohands,title,1,ch_looknohands,,,,,,,,,
cardtitle_ghostrider,title,1,ch_predator_missile_2,,,,,,,,,
cardtitle_squawkbox,title,1,ch_helicopter_2,,,,,,,,,
cardtitle_companioncrate,title,1,ch_airdrop_2,,,,,,,,,
cardtitle_straightup,title,1,ch_harrier_strike_2,,,,,,,,,
cardtitle_voyeur,title,1,ch_uav_2,,,,,,,,,
cardtitle_fireforget,title,1,ch_sentry_2,,,,,,,,,
cardtitle_cr1zby,title,1,ch_thespirit,,,,,,,,,
cardtitle_patriot,title,1,ch_predator,,,,,,,,,
cardtitle_greatwhite,title,1,ch_flashbangvet,,,,,,,,,
cardtitle_continental,title,1,ch_carpetbomber,,,,,,,,,
cardtitle_neutral,title,1,ch_concussionvet,,,,,,,,,
cardtitle_conquerer,title,1,ch_spectre,,,,,,,,,
cardtitle_terminator,title,1,ch_yourefired,,,,,,,,,
cardtitle_risingsun,title,1,ch_jollygreengiant,,,,,,,,,
cardtitle_redeemer,title,1,ch_laststandvet,,,,,,,,,
cardtitle_pineappleexpress,title,1,ch_grenadekill_2,,,,,,,,,
cardtitle_catchshrapnel,title,1,ch_claymoreshot,,,,,,,,,
cardtitle_mastermind,title,1,ch_claymoreshot_2,,,,,,,,,
cardtitle_jackinthebox,title,1,ch_jackinthebox,,,,,,,,,
cardtitle_copperfield,title,1,ch_jackinthebox_2,,,,,,,,,
cardtitle_takeastab,title,1,ch_carnie_2,,,,,,,,,
cardtitle_masterblaster,title,1,ch_masterblaster,,,,,,,,,
cardtitle_juggernaut,title,1,ch_masterblaster_2,,,,,,,,,
cardtitle_bullseye,title,1,ch_bullseye,,,,,,,,,
cardtitle_stuckonyou,title,1,ch_bullseye_2,,,,,,,,,
cardtitle_plasticman,title,1,ch_c4shot,,,,,,,,,
cardtitle_c4andafter,title,1,ch_c4shot_2,,,,,,,,,
cardtitle_silentknight,title,1,ch_didyouseethat,,,,,,,,,
cardtitle_darkbringer,title,1,ch_darkbringer,,,,,,,,,
cardtitle_tacticaldeletion,title,1,ch_tacticaldeletion,,,,,,,,,
cardtitle_itspersonal,title,1,ch_its_personal,,,,,,,,,
cardtitle_fragout,title,1,ch_grenadekill,,,,,,,,,
cardtitle_cloakanddagger,title,1,ch_carnie,,,,,,,,,
cardtitle_wopr,title,1,ch_wopr,,,,,,,,,
cardtitle_rollingthunder,title,1,ch_airstrikes_2,,,,,,,,,
cardtitle_angelofdeath,title,1,ch_ac130_2,,,,,,,,,
cardtitle_gettothechoppa,title,1,ch_helicopter_minigun,,,,,,,,,
cardtitle_cobracommander,title,1,ch_cobracommander,,,,,,,,,
cardtitle_airwolf,title,1,ch_helicopters_2,,,,,,,,,
cardtitle_blackout,title,1,ch_helicopter_flares_2,,,,,,,,,
cardtitle_endofline,title,1,ch_nuke_2,,,,,,,,,
cardtitle_planewhisperer,title,1,ch_airstrikes,,,,,,,,,
cardtitle_starfishprime,title,1,ch_emp_2,,,,,,,,,
cardtitle_watchman,title,1,ch_uavs_2,,,,,,,,,
cardtitle_omnipotent,title,1,ch_uavs,,,,,,,,,
cardtitle_fullthrottle,title,1,ch_helicopters,,,,,,,,,
cardtitle_sbd,title,1,ch_stealth_airstrike_2,,,,,,,,,
cardtitle_spectre,title,1,ch_spectre,,,,,,,,,
cardtitle_jollygreen,title,1,ch_jollygreengiant,,,,,,,,,
cardtitle_gambler,title,1,ch_airdrops_2,,,,,,,,,
cardtitle_spirit,title,1,ch_thespirit,,,,,,,,,
cardtitle_sharepackage,title,1,ch_airdrop_mega,,,,,,,,,
cardtitle_santaclaus,title,1,ch_airdrops,,,,,,,,,
cardtitle_chickmagnet,title,1,ch_emp,,,,,,,,,
cardtitle_mylilpwny,title,1,ch_stealth,,,,,,,,,
cardtitle_booyah,title,1,ch_multifrag,,,,,,,,,
cardtitle_streaker,title,1,ch_fearless,,,,,,,,,
cardtitle_1bullet2kills,title,1,ch_collateraldamage,,,,,,,,,
cardtitle_dictator,title,1,ch_surgical_lmg,,,,,,,,,
cardtitle_surgical,title,1,ch_surgical_assault,,,,,,,,,
cardtitle_crackinskulls,title,1,ch_expert_assault_2,,,,,,,,,
cardtitle_popoff,title,1,ch_expert_smg_2,,,,,,,,,
cardtitle_boomheadshot,title,1,ch_expert_lmg_2,,,,,,,,,
cardtitle_faceoff,title,1,ch_expert_assault,,,,,,,,,
cardtitle_headrush,title,1,ch_expert_smg,,,,,,,,,
cardtitle_mach5,title,1,ch_surgical_smg,,,,,,,,,
cardtitle_notintheface,title,1,ch_expert_lmg,,,,,,,,,
cardtitle_perfectionist,title,1,ch_surgical_sniper,,,,,,,,,
cardtitle_badaboom,title,1,ch_multirpg,,,,,,,,,
cardtitle_genocidal,title,1,ch_multirpg_2,,,,,,,,,
cardtitle_partinggift,title,1,ch_multiclaymore,,,,,,,,,
cardtitle_ambush,title,1,ch_multiclaymore_2,,,,,,,,,
cardtitle_pinpuller,title,1,ch_multifrag_2,,,,,,,,,
cardtitle_boomboompow,title,1,ch_multic4,,,,,,,,,
cardtitle_anarchist,title,1,ch_multic4_2,,,,,,,,,
cardtitle_highlander,title,1,ch_flawless,,,,,,,,,
cardtitle_enemybenefits,title,1,ch_grouphug,,,,,,,,,
cardtitle_nbk,title,1,ch_nbk,,,,,,,,,
cardtitle_allpro,title,1,ch_allpro,,,,,,,,,
cardtitle_hardtarget,title,1,ch_airborne,,,,,,,,,
cardtitle_dronekiller,title,1,ch_dronekiller,,,,,,,,,
cardtitle_truelies,title,1,ch_truelies,,,,,,,,,
cardtitle_transformer,title,1,ch_transformer,,,,,,,,,
cardtitle_deathfromabove,title,1,ch_deathfromabove,,,,,,,,,
cardtitle_droppincrates,title,1,ch_droppincrates,,,,,,,,,
cardtitle_hidef,title,1,ch_hidef,,,,,,,,,
cardtitle_unbelievable,title,1,ch_unbelievable,,,,,,,,,
cardtitle_stickman,title,1,ch_stickman,,,,,,,,,
cardtitle_lastresort,title,1,ch_lastresort,,,,,,,,,
cardtitle_absenteekiller,title,1,ch_absentee,,,,,,,,,
cardtitle_finishingtouch,title,1,ch_finishingtouch,,,,,,,,,
cardtitle_og,title,1,ch_og,,,,,,,,,
cardtitle_technokiller,title,1,ch_technokiller,,,,,,,,,
cardtitle_owned,title,1,ch_owned,,,,,,,,,
cardtitle_boilermaker,title,1,ch_carbomb,,,,,,,,,
cardtitle_backstabber,title,1,ch_backstabber,,,,,,,,,
cardtitle_stungun,title,1,ch_slowbutsure,,,,,,,,,
cardtitle_noobtuber,title,1,ch_ouch,,,,,,,,,
cardtitle_rival,title,1,ch_rival,,,,,,,,,
cardtitle_omfg,title,1,ch_cruelty,,,,,,,,,
cardtitle_thinkfast,title,1,ch_thinkfast,,,,,,,,,
cardtitle_concussive,title,1,ch_thinkfastconcussion,,,,,,,,,
cardtitle_lightsout,title,1,ch_thinkfastflash,,,,,,,,,
cardtitle_backfire,title,1,ch_returntosender,,,,,,,,,
cardtitle_blindfire,title,1,ch_blindfire,,,,,,,,,
cardtitle_duckhunter,title,1,ch_hardlanding,,,,,,,,,
cardtitle_omnicide,title,1,ch_omnicide,,,,,,,,,
cardtitle_devastator,title,1,ch_tangodown,,,,,,,,,
cardtitle_mvpassassin,title,1,ch_countermvp,,,,,,,,,
cardtitle_heart,title,1,ch_miserylovescompany,,,,,,,,,
cardtitle_tagyoureit,title,1,ch_hotpotato,,,,,,,,,
cardtitle_timeismoney,title,1,ch_timeismoney,,,,,,,,,
cardtitle_imrich,title,1,ch_iamrich,,,,,,,,,
cardtitle_moneyshot,title,1,ch_moneyshot,,,,,,,,,
cardtitle_makeitrain,title,1,ch_overdraft,,,,,,,,,
cardtitle_clayback,title,1,ch_breakbank,,,,,,,,,
cardtitle_robinhood,title,1,ch_robinhood,,,,,,,,,
cardtitle_madman,title,1,ch_bangforbuck,,,,,,,,,
cardtitle_idthief,title,1,ch_identitytheft,,,,,,,,,
cardtitle_newjack,title,1,ch_atm,,,,,,,,,
cardtitle_bloodmoney,title,1,ch_colorofmoney,,,,,,,,,
cardtitle_flatliner,title,1,ch_thebrink,,,,,,,,,
cardtitle_evildead,title,1,ch_bothbarrels,,,,,,,,,
cardtitle_quickdraw,title,1,ch_fastswap,,,,,,,,,
cardtitle_hiredgun,title,1,ch_counterc4_2,,,,,,,,,
cardtitle_mastatdon,title,1,ch_starplayer,,,,,,,,,
cardtitle_howthe,title,1,ch_howthe,,,,,,,,,
cardtitle_dominofx,title,1,ch_dominos,,,,,,,,,
cardtitle_halfbaked,title,1,ch_masterchef,,,,,,,,,
cardtitle_bam,title,1,ch_masterchef_2,,,,,,,,,
cardtitle_invincible,title,1,ch_invincible,,,,,,,,,
cardtitle_livelong,title,1,ch_survivalist,,,,,,,,,
cardtitle_claypigeon,title,1,ch_counterclaymore,,,,,,,,,
cardtitle_reversaloffortune,title,1,ch_counterclaymore_2,,,,,,,,,
cardtitle_iceman,title,1,ch_counterc4,,,,,,,,,
cardtitle_enemyofthestate,title,1,ch_enemyofthestate,,,,,,,,,
cardtitle_friendswith,title,1,ch_resourceful,,,,,,,,,
cardtitle_legend,title,1,ch_lastmanstanding,,,,,,,,,
cardtitle_wargasm,title,1,ch_wargasm,,,,,,,,,
cardtitle_biggertheyare,title,1,ch_thebiggertheyare,,,,,,,,,
cardtitle_harderthey,title,1,ch_thehardertheyfall,,,,,,,,,
cardtitle_epic,title,1,ch_crabmeat,,,,,,,,,
cardtitle_denier,title,1,ch_thedenier,,,,,,,,,
cardtitle_carpetbomber,title,1,ch_carpetbomber,,,,,,,,,
cardtitle_bombsaway,title,1,ch_redcarpet,,,,,,,,,
cardtitle_grimreaper,title,1,ch_reaper,,,,,,,,,
cardtitle_bigbrother,title,1,ch_nosecrets,,,,,,,,,
cardtitle_uavrays,title,1,ch_sunblock,,,,,,,,,
cardtitle_afterburner,title,1,ch_afterburner,,,,,,,,,
cardtitle_topgun,title,1,ch_airsuperiority,,,,,,,,,
cardtitle_gat,title,1,ch_mgmaster,,,,,,,,,
cardtitle_theripper,title,1,ch_slasher,,,,,,,,,
cardtitle_allyourbase,title,1,ch_extremecruelty,,,,,,,,,
cardtitle_globalthermo,title,1,ch_nuke,,,,,,,,,
cardtitle_theextreme,title,1,ch_mvp_thc,,,,,,,,,
cardtitle_earlydetection,title,1,ch_bombplanter,,,,,,,,,
cardtitle_trackstar,title,1,ch_marathon_pro,,,,,,,,,
cardtitle_freerunner,title,1,ch_marathon_pro_5,,,,,,,,,
cardtitle_decathlete,title,1,ch_marathon_pro_6,,,,,,,,,
cardtitle_2fast,title,1,ch_sleightofhand_pro,,,,,,,,,
cardtitle_hairtrigger,title,1,ch_sleightofhand_pro_5,,,,,,,,,
cardtitle_oneinchpunch,title,1,ch_sleightofhand_pro_6,,,,,,,,,
cardtitle_reloaded,title,1,ch_scavenger_pro,,,,,,,,,
cardtitle_bandolier,title,1,ch_scavenger_pro_5,,,,,,,,,
cardtitle_vulture,title,1,ch_scavenger_pro_6,,,,,,,,,
cardtitle_fullforce,title,1,ch_dangerclose_pro,,,,,,,,,
cardtitle_sonicboom,title,1,ch_dangerclose_pro_5,,,,,,,,,
cardtitle_dangerclose,title,1,ch_dangerclose_pro_6,,,,,,,,,
cardtitle_doubledown,title,1,ch_bling_pro,,,,,,,,,
cardtitle_blingbling,title,1,ch_bling_pro_5,,,,,,,,,
cardtitle_armedanddangerous,title,1,ch_bling_pro_6,,,,,,,,,
cardtitle_highcaliber,title,1,ch_stoppingpower_pro,,,,,,,,,
cardtitle_kfactor,title,1,ch_stoppingpower_pro_5,,,,,,,,,
cardtitle_bitethebullet,title,1,ch_stoppingpower_pro_6,,,,,,,,,
cardtitle_speeddemon,title,1,ch_lightweight_pro,,,,,,,,,
cardtitle_readyfire,title,1,ch_lightweight_pro_5,,,,,,,,,
cardtitle_pathfinder,title,1,ch_lightweight_pro_6,,,,,,,,,
cardtitle_deadline,title,1,ch_hardline_pro_5,,,,,,,,,
cardtitle_closesupport,title,1,ch_hardline_pro_6,,,,,,,,,
cardtitle_invisible,title,1,ch_coldblooded_pro,,,,,,,,,
cardtitle_uavjammer,title,1,ch_coldblooded_pro_5,,,,,,,,,
cardtitle_doubleagent,title,1,ch_coldblooded_pro_6,,,,,,,,,
cardtitle_fullarsenal,title,1,ch_onemanarmy_pro,,,,,,,,,
cardtitle_quickchange,title,1,ch_onemanarmy_pro_5,,,,,,,,,
cardtitle_armyof1,title,1,ch_onemanarmy_pro_6,,,,,,,,,
cardtitle_impaler,title,1,ch_extendedmelee_pro,,,,,,,,,
cardtitle_ninja,title,1,ch_extendedmelee_pro_5,,,,,,,,,
cardtitle_excalibur,title,1,ch_extendedmelee_pro_6,,,,,,,,,
cardtitle_sureshot,title,1,ch_bulletaccuracy_pro,,,,,,,,,
cardtitle_ironlungs,title,1,ch_bulletaccuracy_pro_5,,,,,,,,,
cardtitle_steelnerves,title,1,ch_bulletaccuracy_pro_6,,,,,,,,,
cardtitle_hardtokill,title,1,ch_laststand_pro,,,,,,,,,
cardtitle_deadmansswitch,title,1,ch_laststand_pro_5,,,,,,,,,
cardtitle_dyingbreath,title,1,ch_laststand_pro_6,,,,,,,,,
cardtitle_disruptor,title,1,ch_scrambler_pro,,,,,,,,,
cardtitle_heartbreaker,title,1,ch_scrambler_pro_5,,,,,,,,,
cardtitle_counterintel,title,1,ch_scrambler_pro_6,,,,,,,,,
cardtitle_xrayvision,title,1,ch_detectexplosives_pro,,,,,,,,,
cardtitle_amplifier,title,1,ch_detectexplosives_pro_5,,,,,,,,,
cardtitle_eod,title,1,ch_detectexplosives_pro_6,,,,,,,,,
cardtitle_silentstrike,title,1,ch_deadsilence_pro,,,,,,,,,
cardtitle_spygame,title,1,ch_deadsilence_pro_5,,,,,,,,,
cardtitle_artofstealth,title,1,ch_deadsilence_pro_6,,,,,,,,,
cardtitle_toxicavenger,title,1,ch_radiationsickness,,,,,,,,,
cardtitle_infected,title,1,ch_infected,,,,,,,,,
cardtitle_plague,title,1,ch_plague,,,,,,,,,
cardtitle_klepto,title,1,ch_renaissance,,,,,,,,,
cardtitle_behindenemy,title,1,ch_theloner,,,,,,,,,
cardtitle_6fears7,title,1,ch_6fears7,,,,,,,,,
cardtitle_comfortablynumb,title,1,ch_thenumb,,,,,,,,,
cardtitle_martyr,title,1,ch_martyr,,,,,,,,,
cardtitle_livingdead,title,1,ch_livingdead,,,,,,,,,
cardtitle_sidekick,title,1,ch_sidekick,,,,,,,,,
cardtitle_clickclickboom,title,1,ch_clickclickboom,,,,,,,,,
cardtitle_hijacker,title,1,ch_hijacker,,,,,,,,,
cardtitle_bountyhunter,title,1,ch_hijacker_2,,,,,,,,,
cardtitle_no,title,1,ch_no,,,,,,,,,
cardtitle_sentrymaster,title,1,ch_looknohands_4,,,,,,,,,
cardtitle_predatormaster,title,1,ch_predator_4,,,,,,,,,
cardtitle_airstrikemaster,title,1,ch_carpetbomber_4,,,,,,,,,
cardtitle_harriermaster,title,1,ch_yourefired_4,,,,,,,,,
cardtitle_helimaster,title,1,ch_choppervet_4,,,,,,,,,
cardtitle_pavelowmaster,title,1,ch_jollygreengiant_4,,,,,,,,,
cardtitle_stealthmaster,title,1,ch_thespirit_4,,,,,,,,,
cardtitle_choppermaster,title,1,ch_cobracommander_4,,,,,,,,,
cardtitle_ac130master,title,1,ch_spectre_4,,,,,,,,,
cardtitle_blademaster,title,1,ch_knifevet_4,,,,,,,,,
cardtitle_laststandmaster,title,1,ch_laststandvet_4,,,,,,,,,
cardtitle_silencermaster,title,1,ch_stealth_4,,,,,,,,,
cardtitle_flashmaster,title,1,ch_concussionvet_4,,,,,,,,,
cardtitle_stunmaster,title,1,ch_flashbangvet_4,,,,,,,,,
cardtitle_sentryveteran,title,1,ch_looknohands_2,,,,,,,,,
cardtitle_predatorveteran,title,1,ch_predator_2,,,,,,,,,
cardtitle_airstrikeveteran,title,1,ch_carpetbomber_2,,,,,,,,,
cardtitle_harrierveteran,title,1,ch_yourefired_2,,,,,,,,,
cardtitle_heliveteran,title,1,ch_choppervet_2,,,,,,,,,
cardtitle_pavelowveteran,title,1,ch_jollygreengiant_2,,,,,,,,,
cardtitle_stealthveteran,title,1,ch_thespirit_2,,,,,,,,,
cardtitle_chopperveteran,title,1,ch_cobracommander_2,,,,,,,,,
cardtitle_ac130veteran,title,1,ch_spectre_2,,,,,,,,,
cardtitle_bladeveteran,title,1,ch_knifevet_2,,,,,,,,,
cardtitle_laststandveteran,title,1,ch_laststandvet_2,,,,,,,,,
cardtitle_silencerveteran,title,1,ch_stealth_2,,,,,,,,,
cardtitle_flashveteran,title,1,ch_concussionvet_2,,,,,,,,,
cardtitle_stunveteran,title,1,ch_flashbangvet_2,,,,,,,,,
cardtitle_headsup,title,1,ch_heads_up,,,,,,,,,
cardtitle_predator,title,1,ch_predator,,,,,,,,,
cardtitle_automator,title,1,ch_looknohands,,,,,,,,,
cardtitle_shotover,title,1,ch_choppervet,,,,,,,,,
cardtitle_stringfellow,title,1,ch_choppervet,,,,,,,,,
cardtitle_doctor,title,1,ch_cobracommander,,,,,,,,,
cardtitle_coldsteel,title,1,ch_knifevet,,,,,,,,,
cardtitle_inciser,title,1,ch_knifevet,,,,,,,,,
cardtitle_phoenixrising,title,1,ch_laststandvet,,,,,,,,,
cardtitle_suppressor,title,1,ch_stealth,,,,,,,,,
cardtitle_shockandawe,title,1,ch_concussionvet,,,,,,,,,
cardtitle_flasher,title,1,ch_flashbangvet,,,,,,,,,
cardtitle_handsfree,title,1,ch_sentry,,,,,,,,,
cardtitle_clusterbomb,title,1,ch_carpetbomb,,,,,,,,,
cardtitle_rejected,title,1,ch_backdraft_2,,,,,,,,,
cardtitle_skycaptain,title,1,ch_helicopter_flares,,,,,,,,,
cardtitle_cobrakai,title,1,ch_helicopter_minigun_2,,,,,,,,,
cardtitle_godhand,title,1,ch_ac130,,,,,,,,,
cardtitle_ssdd,title,1,,,,,,,,,,
cardtitle_prestige1,title,1,ch_prestige,,,,,,,,,
cardtitle_prestige2,title,1,ch_prestige_2,,,,,,,,,
cardtitle_prestige3,title,1,ch_prestige_3,,,,,,,,,
cardtitle_prestige4,title,1,ch_prestige_4,,,,,,,,,
cardtitle_prestige5,title,1,ch_prestige_5,,,,,,,,,
cardtitle_prestige6,title,1,ch_prestige_6,,,,,,,,,
cardtitle_prestige7,title,1,ch_prestige_7,,,,,,,,,
cardtitle_prestige8,title,1,ch_prestige_8,,,,,,,,,
cardtitle_prestige9,title,1,ch_prestige_9,,,,,,,,,
cardtitle_prestige10,title,1,ch_prestige_10,,,,,,,,,
cardtitle_fng,title,9,,,,,,,,,,
cardtitle_20,title,19,,,,,,,,,,
cardtitle_30,title,29,,,,,,,,,,
cardtitle_40,title,39,,,,,,,,,,
cardtitle_50,title,49,,,,,,,,,,
cardtitle_60,title,59,,,,,,,,,,
cardtitle_70,title,69,,,,,,,,,,
cardtitle_20a,title,24,ch_prestige,,,,,,,,,
cardtitle_30a,title,34,ch_prestige,,,,,,,,,
cardtitle_40a,title,44,ch_prestige,,,,,,,,,
cardtitle_50a,title,54,ch_prestige,,,,,,,,,
cardtitle_60a,title,64,ch_prestige,,,,,,,,,
cardtitle_70a,title,68,ch_prestige,,,,,,,,,
cardtitle_grassyknoll,title,0,ch_ghillie,,,,,,,,,
cardtitle_ghilliemist,title,0,ch_ghillie_2,,,,,,,,,
cardtitle_rezero,title,0,ch_ghillie_3,,,,,,,,,
cardtitle_blunttrauma,title,1,ch_shieldvet,,,,,,,,,
cardtitle_smashhit,title,1,ch_smasher,,,,,,,,,
cardtitle_backsmasher,title,1,ch_backsmasher,,,,,,,,,
cardtitle_protectserve,title,1,ch_shield_damage,,,,,,,,,
cardtitle_bulletproof,title,1,ch_shield_bullet,,,,,,,,,
cardtitle_unbreakable,title,1,ch_shield_explosive,,,,,,,,,
cardtitle_preemptive,title,1,ch_hardline_pro,,,,,,,,,
cardicon_default,icon,0,,,,,,,,,,
cardicon_mw2_prestige1,icon,1,ch_prestige,,,,,,,,,
cardicon_mw2_prestige2,icon,1,ch_prestige_2,,,,,,,,,
cardicon_mw2_prestige3,icon,1,ch_prestige_3,,,,,,,,,
cardicon_mw2_prestige4,icon,1,ch_prestige_4,,,,,,,,,
cardicon_mw2_prestige5,icon,1,ch_prestige_5,,,,,,,,,
cardicon_mw2_prestige6,icon,1,ch_prestige_6,,,,,,,,,
cardicon_mw2_prestige7,icon,1,ch_prestige_7,,,,,,,,,
cardicon_mw2_prestige8,icon,1,ch_prestige_8,,,,,,,,,
cardicon_mw2_prestige9,icon,1,ch_prestige_9,,,,,,,,,
cardicon_mw2_prestige10,icon,1,ch_prestige_10,,,,,,,,,
cardicon_prestige10_02,icon,70,ch_prestige_10,pr_marksman_ak47_4,,,,,,,,
cardicon_ac130,icon,1,ch_ac130_3,,,,,,,,,
cardicon_uav,icon,1,ch_uav_3,,,,,,,,,
cardicon_carepackage,icon,1,ch_airdrop_3,,,,,,,,,
cardicon_counteruav,icon,1,ch_counter_uav_3,,,,,,,,,
cardicon_sentrygun,icon,1,ch_sentry_3,,,,,,,,,
cardicon_predatormissile,icon,1,ch_predator_missile_3,,,,,,,,,
cardicon_precair,icon,1,ch_precision_airstrike_3,,,,,,,,,
cardicon_harrierstrike,icon,1,ch_harrier_strike_3,,,,,,,,,
cardicon_attackchopper,icon,1,ch_helicopter_3,,,,,,,,,
cardicon_emergencyair,icon,1,ch_airdrop_mega_3,,,,,,,,,
cardicon_pavelowkillstreak,icon,1,ch_helicopter_flares_3,,,,,,,,,
cardicon_stealthkillstreak,icon,1,ch_stealth_airstrike_3,,,,,,,,,
cardicon_choppergunner,icon,1,ch_helicopter_minigun_3,,,,,,,,,
cardicon_empkillstreak,icon,1,ch_emp_3,,,,,,,,,
cardicon_tacticalnuke,icon,1,ch_nuke_3,,,,,,,,,
cardicon_marathon,icon,1,ch_marathon_pro_6,,,,,,,,,
cardicon_sleightofhand,icon,1,ch_sleightofhand_pro_6,,,,,,,,,
cardicon_scavenger,icon,1,ch_scavenger_pro_6,,,,,,,,,
cardicon_dangerclose,icon,1,ch_dangerclose_pro_6,,,,,,,,,
cardicon_bling,icon,1,ch_bling_pro_6,,,,,,,,,
cardicon_stoppingpower,icon,1,ch_stoppingpower_pro_6,,,,,,,,,
cardicon_lightweight,icon,1,ch_lightweight_pro_6,,,,,,,,,
cardicon_hardline,icon,1,ch_hardline_pro_6,,,,,,,,,
cardicon_coldblooded,icon,1,ch_coldblooded_pro_6,,,,,,,,,
cardicon_oma,icon,1,ch_onemanarmy_pro_6,,,,,,,,,
cardicon_commando,icon,1,ch_extendedmelee_pro_6,,,,,,,,,
cardicon_steadyaim,icon,1,ch_bulletaccuracy_pro_6,,,,,,,,,
cardicon_scrambler,icon,1,ch_scrambler_pro_6,,,,,,,,,
cardicon_sitrep,icon,1,ch_detectexplosives_pro_6,,,,,,,,,
cardicon_laststand,icon,1,ch_laststand_pro_6,,,,,,,,,
cardicon_ninja,icon,1,ch_deadsilence_pro_6,,,,,,,,,
cardicon_pvt1,icon,1,,,,,,,,,,
cardicon_pfc1,icon,3,,,,,,,,,,
cardicon_spc1,icon,6,,,,,,,,,,
cardicon_cpl1,icon,9,,,,,,,,,,
cardicon_sgt1,icon,12,,,,,,,,,,
cardicon_ssgt1,icon,15,,,,,,,,,,
cardicon_sfc1,icon,18,,,,,,,,,,
cardicon_msgt1,icon,21,,,,,,,,,,
cardicon_1stsgt1,icon,24,,,,,,,,,,
cardicon_sgtmaj1,icon,27,,,,,,,,,,
cardicon_cmdsgtmaj1,icon,30,,,,,,,,,,
cardicon_2ndlt1,icon,33,,,,,,,,,,
cardicon_1stlt1,icon,36,,,,,,,,,,
cardicon_capt1,icon,39,,,,,,,,,,
cardicon_maj1,icon,42,,,,,,,,,,
cardicon_ltcol1,icon,45,,,,,,,,,,
cardicon_col1,icon,49,,,,,,,,,,
cardicon_bgen1,icon,53,,,,,,,,,,
cardicon_majgen1,icon,57,,,,,,,,,,
cardicon_ltgen1,icon,61,,,,,,,,,,
cardicon_gen1,icon,65,,,,,,,,,,
cardicon_comm1,icon,69,,,,,,,,,,
cardicon_patch,icon,1,ch_grouphug,,,,,,,,,
cardicon_compass,icon,1,ch_flyswatter,,,,,,,,,
cardicon_b2,icon,1,ch_technokiller,,,,,,,,,
cardicon_harrier,icon,1,ch_truelies,,,,,,,,,
cardicon_noseart1,icon,1,ch_finishingtouch,,,,,,,,,
cardicon_pavelow,icon,1,ch_transformer,,,,,,,,,
cardicon_blue,icon,1,ch_invincible,,,,,,,,,
cardicon_tsuenami,icon,1,ch_stickman,,,,,,,,,
cardicon_macgregor,icon,1,ch_vandalism,,,,,,,,,
cardicon_grunt_2,icon,1,ch_hardlanding,,,,,,,,,
cardicon_nates,icon,1,ch_shield_explosive_3,,,,,,,,,
cardicon_brassknuckle,icon,1,ch_afterburner,,,,,,,,,
cardicon_ac130_angelflare,icon,1,ch_deathfromabove,,,,,,,,,
cardicon_skullaward,icon,1,ch_basejump,,,,,,,,,
cardicon_umbracatervae,icon,1,ch_shield_damage_3,,,,,,,,,
cardicon_brad,icon,1,ch_assists_3,,,,,,,,,
cardicon_heartbeatsensor,icon,1,ch_xrayvision_3,,,,,,,,,
cardicon_bullets_50cal,icon,1,ch_surgical_assault,,,,,,,,,
cardicon_bulletcase,icon,1,ch_fastswap,,,,,,,,,
cardicon_shotgun_shells,icon,1,ch_bothbarrels,,,,,,,,,
cardicon_doubletap,icon,1,ch_surgical_smg,,,,,,,,,
cardicon_fmj,icon,1,ch_surgical_lmg,,,,,,,,,
cardicon_grunt,icon,1,ch_crouchshot_3,,,,,,,,,
cardicon_juggernaut_2,icon,1,ch_proneshot_3,,,,,,,,,
cardicon_gasmask,icon,1,ch_didyouseethat,,,,,,,,,
cardicon_nightvision_1,icon,1,ch_moneyshot,,,,,,,,,
cardicon_tsunami,icon,1,ch_hidef,,,,,,,,,
cardicon_sniperscope,icon,1,ch_surgical_sniper,,,,,,,,,
cardicon_badgirl,icon,1,ch_backdraft_3,,,,,,,,,
cardicon_iss,icon,1,ch_dronekiller,,,,,,,,,
cardicon_minigun,icon,1,ch_absentee,,,,,,,,,
cardicon_ball_basketball_1,icon,1,ch_its_personal,,,,,,,,,
cardicon_helmet_football_1,icon,1,ch_hotpotato_2,,,,,,,,,
cardicon_lion,icon,1,ch_sidekick,,,,,,,,,
cardicon_frag,icon,1,ch_grenadekill_3,,,,,,,,,
cardicon_semtex,icon,1,ch_bullseye_3,,,,,,,,,
cardicon_tacticalinsertion,icon,1,ch_jackinthebox_3,,,,,,,,,
cardicon_blastshield,icon,1,ch_masterblaster_3,,,,,,,,,
cardicon_c4,icon,1,ch_c4shot_3,,,,,,,,,
cardicon_claymore,icon,1,ch_claymoreshot_3,,,,,,,,,
cardicon_stab,icon,1,ch_carnie_3,,,,,,,,,
cardicon_sheppard,icon,1,ch_darkbringer,,,,,,,,,
cardicon_comic_shepherd,icon,1,ch_nbk,,,,,,,,,
cardicon_koiker_hound,icon,1,ch_og,,,,,,,,,
cardicon_grigsby,icon,1,ch_avenger,,,,,,,,,
cardicon_taskforcearmy01,icon,1,ch_renaissance,,,,,,,,,
cardicon_ghost_bust,icon,1,ch_mvp_tdm,,,,,,,,,
cardicon_ghillie,icon,1,ch_ghillie_3,,,,,,,,,
cardicon_chicken,icon,1,ch_tacticaldeletion,,,,,,,,,
cardicon_price_ww2,icon,1,ch_bombplanter_2,,,,,,,,,
cardicon_pricewoodland,icon,1,ch_hero_2,,,,,,,,,
cardicon_pricearctic,icon,1,ch_bombdefender_2,,,,,,,,,
cardicon_assad,icon,1,ch_saboteur_2,,,,,,,,,
cardicon_makarov,icon,1,ch_lastmanstanding,,,,,,,,,
cardicon_brock,icon,1,ch_slowbutsure,,,,,,,,,
cardicon_throwingknife,icon,1,ch_flawless,,,,,,,,,
cardicon_league_magnum,icon,1,ch_bombdown,,,,,,,,,
cardicon_dive,icon,1,ch_mvp_thc,,,,,,,,,
cardicon_ball_soccer_1,icon,1,ch_expert_assault_3,,,,,,,,,
cardicon_ball_baseball_1,icon,1,ch_expert_smg_3,,,,,,,,,
cardicon_ball_football_1,icon,1,ch_expert_lmg_3,,,,,,,,,
cardicon_kitten,icon,1,ch_backsmasher,,,,,,,,,
cardicon_pushingupdaisies,icon,1,ch_goodbye,,,,,,,,,
cardicon_biohazard,icon,1,ch_returntosender,,,,,,,,,
cardicon_juggernaut_1,icon,1,ch_smasher,,,,,,,,,
cardicon_ghost_skull,icon,1,ch_owned,,,,,,,,,
cardicon_impale,icon,1,ch_unbelievable,,,,,,,,,
cardicon_riotdeath,icon,1,ch_shieldvet_3,,,,,,,,,
cardicon_headshot,icon,1,ch_allpro,,,,,,,,,
cardicon_car,icon,1,ch_carbomb_2,,,,,,,,,
cardicon_gumby,icon,1,ch_ouch,,,,,,,,,
cardicon_spetsnaz,icon,1,ch_concussionvet_4,,,,,,,,,
cardicon_redhand,icon,1,ch_fearless,,,,,,,,,
cardicon_tf141,icon,1,ch_rival,,,,,,,,,
cardicon_ball_volleyball_1,icon,1,ch_tangodown,,,,,,,,,
cardicon_iwlogo,icon,1,ch_wargasm,,,,,,,,,
cardicon_porterjustice,icon,1,ch_countermvp,,,,,,,,,
cardicon_knife_logo,icon,1,ch_knifevet_4,,,,,,,,,
cardicon_humantrophy,icon,1,ch_extremecruelty,,,,,,,,,
cardicon_knife,icon,1,ch_backstabber,,,,,,,,,
cardicon_skull,icon,1,ch_colorofmoney_2,,,,,,,,,
cardicon_xray,icon,1,ch_blindfire,,,,,,,,,
cardicon_skull_black,icon,1,ch_collateraldamage,,,,,,,,,
cardicon_nightvision_2,icon,1,ch_droppincrates,,,,,,,,,
cardicon_moon,icon,1,ch_lastresort,,,,,,,,,
cardicon_radiation,icon,1,ch_timeismoney_2,,,,,,,,,
cardicon_goodgirl,icon,1,ch_starplayer,,,,,,,,,
cardicon_seasnipers,icon,1,ch_iamrich_2,,,,,,,,,
cardicon_soap,icon,1,ch_overdraft,,,,,,,,,
cardicon_gold,icon,1,ch_airdrops_3,,,,,,,,,
cardicon_pirate,icon,1,ch_theedge_3,,,,,,,,,
cardicon_pirateflag,icon,1,ch_flashbangvet_4,,,,,,,,,
cardicon_helmet_baseball_1,icon,1,ch_sunblock,,,,,,,,,
cardicon_hockey_1,icon,1,ch_thebiggertheyare,,,,,,,,,
cardicon_hockey_2,icon,1,ch_thehardertheyfall,,,,,,,,,
cardicon_tennisracket,icon,1,ch_thebrink,,,,,,,,,
cardicon_tiger,icon,1,ch_reaper,,,,,,,,,
cardicon_honeybadger01,icon,1,ch_laststandvet_4,,,,,,,,,
cardicon_kinggorilla,icon,1,ch_enemyofthestate,,,,,,,,,
cardicon_thecow,icon,1,ch_slasher,,,,,,,,,
cardicon_warpig,icon,1,ch_clickclickboom,,,,,,,,,
cardicon_birdbrain,icon,1,ch_helicopters_3,,,,,,,,,
cardicon_claw,icon,1,ch_atm,,,,,,,,,
cardicon_boot,icon,1,ch_airborne,,,,,,,,,
cardicon_devilfinger,icon,1,ch_omnicide,,,,,,,,,
cardicon_brassknuckles,icon,1,ch_survivor,,,,,,,,,
cardicon_8ball,icon,1,ch_bangforbuck_2,,,,,,,,,
cardicon_mushroom,icon,1,ch_thedenier,,,,,,,,,
cardicon_jets,icon,1,ch_crabmeat,,,,,,,,,
cardicon_tictac,icon,1,ch_victor_sab_3,,,,,,,,,
cardicon_joystick,icon,1,ch_victor_dm_3,,,,,,,,,
cardicon_devil,icon,1,ch_teamplayer_hc_3,,,,,,,,,
cardicon_thebomb,icon,1,ch_victor_sd_3,,,,,,,,,
cardicon_sniper,icon,1,ch_teamplayer_3,,,,,,,,,
cardicon_icecream,icon,1,ch_miserylovescompany,,,,,,,,,
cardicon_gametype,icon,1,ch_airsuperiority,,,,,,,,,
cardicon_comic_price,icon,1,ch_robinhood_2,,,,,,,,,
cardicon_toon_price_1,icon,1,ch_uavs_3,,,,,,,,,
cardicon_8bit_price,icon,1,ch_theloner,,,,,,,,,
cardicon_readhead,icon,1,ch_breakbank,,,,,,,,,
cardicon_pacifier_blue,icon,1,ch_counterc4_3,,,,,,,,,
cardicon_pacifier_pink,icon,1,ch_counterclaymore_3,,,,,,,,,
cardicon_cod4,icon,1,ch_carpetbomb,,,,,,,,,
cardicon_iw,icon,1,ch_wopr,,,,,,,,,
cardicon_riot_shield,icon,1,ch_shield_bullet_3,,,,,,,,,
cardicon_korean,icon,1,ch_nosecrets,,,,,,,,,
cardicon_gears,icon,1,ch_redcarpet,,,,,,,,,
cardicon_treasurechest,icon,1,ch_hijacker_3,,,,,,,,,
cardicon_treasuremap,icon,1,ch_airstrikes_3,,,,,,,,,
cardicon_weed,icon,1,ch_dominos,,,,,,,,,
cardicon_league_1911,icon,1,ch_stealth_4,,,,,,,,,
cardicon_league_grenade,icon,1,ch_thinkfast,,,,,,,,,
cardicon_rhino,icon,1,ch_multiclaymore_3,,,,,,,,,
cardicon_bear,icon,1,ch_multifrag_3,,,,,,,,,
cardicon_hyena,icon,1,ch_multirpg_3,,,,,,,,,
cardicon_sugarglider,icon,1,ch_multic4_3,,,,,,,,,
cardicon_stop,icon,1,ch_thinkfastconcussion,,,,,,,,,
cardicon_burgertown,icon,1,ch_masterchef_3,,,,,,,,,
cardicon_bulb,icon,1,ch_thinkfastflash,,,,,,,,,
cardicon_tire,icon,1,ch_resourceful,,,,,,,,,
cardicon_loadedfinger,icon,1,ch_mgmaster,,,,,,,,,
cardicon_girlskull,icon,1,ch_survivalist,,,,,,,,,
cardicon_abduction,icon,1,ch_cruelty,,,,,,,,,
cardicon_illuminati,icon,1,ch_howthe,,,,,,,,,
cardicon_copycat,icon,1,ch_identitytheft,,,,,,,,,
cardicon_painkiller,icon,1,ch_thenumb,,,,,,,,,
cardicon_martyrdom,icon,1,ch_martyr,,,,,,,,,
cardicon_finalstand,icon,1,ch_livingdead,,,,,,,,,
cardicon_prestige1,icon,1,ch_heads_up,,,,,,,,,
cardicon_prestige2,icon,1,ch_looknohands_4,,,,,,,,,
cardicon_prestige3,icon,1,ch_predator_4,,,,,,,,,
cardicon_prestige4,icon,1,ch_carpetbomber_4,,,,,,,,,
cardicon_prestige5,icon,1,ch_yourefired_4,,,,,,,,,
cardicon_prestige6,icon,1,ch_choppervet_4,,,,,,,,,
cardicon_prestige7,icon,1,ch_jollygreengiant_4,,,,,,,,,
cardicon_prestige8,icon,1,ch_thespirit_4,,,,,,,,,
cardicon_prestige9,icon,1,ch_cobracommander_4,,,,,,,,,
cardicon_prestige10,icon,1,ch_spectre_4,,,,,,,,,
